input_file	expected_path	available_during_audit	bundled	objects	object_schema	origin	genome_build	used_by	sha256
1170_manta_meerkat_union_window50_highquality.txt	PTC_INPUT_DIR/1170_manta_meerkat_union_window50_highquality.txt	true	no			Author-prepared PTC analysis intermediate; recover the matching analysis snapshot after appropriate data access.	GRCh38 where coordinates occur; manuscript p0048 and source reference paths	Fig. 1c	d2286165bb3cf81d0dcef431db610587558659e95949c390ea0e8a6b3ffc4c64
DP_info_data.RData	PTC_INPUT_DIR/DP_info_data.RData	true	no	DP_info_data;clone_data	DP_info_data: tbl_df;tbl;data.frame 1039612x42 [Analysis_Barcode;Tumor_Barcode;CHROM;POS;REF;ALT;Tumor_GT;Tumor_Ref;Tumor_Alt;Tumor_Depth;Normal_GT;Normal_Ref;Normal_Alt;Normal_Depth;Gene_Name;AAChange;Variant_Classification;ID;WT.count;mut.count;subclonal.CN;nMaj1;nMin1;frac1;nMaj2;nMin2;frac2;phase;normalCopyNumber;mutation.copy.number;subclonal.fraction;no.chrs.bearing.mut;VAF;CCF;Cluster;Likelihood;Cluster_CCF;Cluster_nMut;Clone;SeqID;context;mutType] | clone_data: tbl_df;tbl;data.frame 3102x11 [Tumor_Barcode;Battenberg;DPClust_Mutations;maxClone;Cluster;CCF;CCF_low;CCF_high;nMutations;Clone;Barcode]	DPClust assignment and mutation data prepared by the historical pipeline; preserve CCF/Clone definitions and identifiers.	GRCh38 where coordinates occur; manuscript p0048 and source reference paths	Fig. 3a;Fig. 3b;Fig. 3c;Fig. 3d;Fig. 4a;Fig. 4b;Fig. 4c;Fig. 4d;Fig. 6a;Fig. 6b;Extended Data Fig. 2a;Extended Data Fig. 2b;Extended Data Fig. 3a;Extended Data Fig. 3b;Supplementary Fig. 3a;Supplementary Fig. 3b	d4723113fd5a1583fcde6e7230e97279090da6e15e92f36a3c8711a358026411
Genome_landscape_manual_final.RData	PTC_INPUT_DIR/Genome_landscape_manual_final.RData	true	no	data_top0;data_tmb0	data_top0: tbl_df;tbl;data.frame 1012x6 [Study;Subject;Tumor_Barcode;Gene;Alteration;Type] | data_tmb0: tbl_df;tbl;data.frame 2468x6 [Study;Subject;Tumor_Barcode;Gene;Alteration;Type]	Manually curated driver/fusion/22q calls; preserve the reviewed event definitions and snapshot.	GRCh38 where coordinates occur; manuscript p0048 and source reference paths	Fig. 1b;Fig. 1g;Fig. 1h;Fig. 1i;Fig. 2d;Fig. 3b;Fig. 3c;Fig. 3e;Fig. 4a;Fig. 4b;Fig. 4c;Fig. 4d;Fig. 5a;Fig. 5b;Fig. 5c;Fig. 5d;Fig. 5e;Fig. 5f;Fig. 5g;Fig. 6a;Fig. 6b;Extended Data Fig. 2a;Extended Data Fig. 2b;Extended Data Fig. 4a;Extended Data Fig. 4b;Extended Data Fig. 4c;Supplementary Fig. 3a;Supplementary Fig. 3b	8f20e7f0253bc47d298b28852bd825f946be7cb56926bf41ea2473f2e10ecdc7
cytoBand.txt.gz	PTC_INPUT_DIR/cytoBand.txt.gz	true	no			Author-prepared PTC analysis intermediate; recover the matching analysis snapshot after appropriate data access.	GRCh38 where coordinates occur; manuscript p0048 and source reference paths	Fig. 2a	57304474186c2a9d6e636918639fcddb76de5a099d410de4bb04a86923b7498c
intogene_drivers.RData	PTC_INPUT_DIR/intogene_drivers.RData	true	no	intogene	intogene: spec_tbl_df;tbl_df;tbl;data.frame 19x18 [SYMBOL;TRANSCRIPT;COHORT;CANCER_TYPE;METHODS;MUTATIONS;SAMPLES;%_SAMPLES_COHORT;QVALUE_COMBINATION;ROLE;CGC_GENE;CGC_CANCER_GENE;DOMAIN;2D_CLUSTERS;3D_CLUSTERS;EXCESS_MIS;EXCESS_NON;EXCESS_SPL]	Author-prepared PTC analysis intermediate; recover the matching analysis snapshot after appropriate data access.	GRCh38 where coordinates occur; manuscript p0048 and source reference paths	Fig. 1b	ad90f74adfe9f1b3cca319b6813d06e3dc1fe81fb727c5042948df8269e2e6ad
ngspurity_data.RData	PTC_INPUT_DIR/ngspurity_data.RData	true	no	ngspurity;ngspurity0;BBprofile;BBprofile0;clone_data	ngspurity: tbl_df;tbl;data.frame 1171x44 [Final;Battenberg;Barcode;Tumor_Barcode;PGA;PGA_Subclonal;PGA_TETRA;PGA_LOH;PGA_Haploid_LOH;PGA_WGD;MCN;MCN_WGD;MCN_CHR;DPClust_Mutations;ASCAT_Purity;ASCAT_Ploidy;BB_Purity;BB_Ploidy;CCUBE_Purity;GOF;High_Purity;WGD_MP2_Number;WGD_MP2_Ratio;WGD_EVEN_Ratio;nWGD_CCF_MCluster;nWGD_CCF_MCluster_Detail;nWGD_Substantial_Segment;nWGD_Substantial_Segment_Detail;Super_Cluster_1;Super_Cluster_5;Super_Cluster_10;Homozoygous_Deletion;Homozoygous_Deletion2;Homozoygous_Deletion_Detail;DPCLUST_Detail;Cluster_ChrEnrich;Cluster_Signatures;BB;Purity_Diff;maxClone;BB0_Purity;BB0_Ploidy;Purity_Diff_BB0;Ploidy_Diff_BB0] | ngspurity0: tbl_df;tbl;data.frame 5775x44 [Final;Battenberg;Barcode;Tumor_Barcode;PGA;PGA_Subclonal;PGA_TETRA;PGA_LOH;PGA_Haploid_LOH;PGA_WGD;MCN;MCN_WGD;MCN_CHR;DPClust_Mutations;ASCAT_Purity;ASCAT_Ploidy;BB_Purity;BB_Ploidy;CCUBE_Purity;GOF;High_Purity;WGD_MP2_Number;WGD_MP2_Ratio;WGD_EVEN_Ratio;nWGD_CCF_MCluster;nWGD_CCF_MCluster_Detail;nWGD_Substantial_Segment;nWGD_Substantial_Segment_Detail;Super_Cluster_1;Super_Cluster_5;Super_Cluster_10;Homozoygous_Deletion;Homozoygous_Deletion2;Homozoygous_Deletion_Detail;DPCLUST_Detail;Cluster_ChrEnrich;Cluster_Signatures;BB;Purity_Diff;maxClone;BB0_Purity;BB0_Ploidy;Purity_Diff_BB0;Ploidy_Diff_BB0] | BBprofile: tbl_df;tbl;data.frame 36415x76 [Tumor_Barcode;Battenberg;chr;startpos;endpos;BAF;pval;LogR;ntot;clone_frac;clone_nMaj;clone_nMin;subclone_frac;subclone_nMaj;subclone_nMin;nMaj1_A;nMin1_A;frac1_A;nMaj2_A;nMin2_A;frac2_A;SDfrac_A;SDfrac_A_BS;frac1_A_0.025;frac1_A_0.975;nMaj1_B;nMin1_B;frac1_B;nMaj2_B;nMin2_B;frac2_B;SDfrac_B;SDfrac_B_BS;frac1_B_0.025;frac1_B_0.975;nMaj1_C;nMin1_C;frac1_C;nMaj2_C;nMin2_C;frac2_C;SDfrac_C;SDfrac_C_BS;frac1_C_0.025;frac1_C_0.975;nMaj1_D;nMin1_D;frac1_D;nMaj2_D;nMin2_D;frac2_D;SDfrac_D;SDfrac_D_BS;frac1_D_0.025;frac1_D_0.975;nMaj1_E;nMin1_E;frac1_E;nMaj2_E;nMin2_E;frac2_E;SDfrac_E;SDfrac_E_BS;frac1_E_0.025;frac1_E_0.975;nMaj1_F;nMin1_F;frac1_F;nMaj2_F;nMin2_F;frac2_F;SDfrac_F;SDfrac_F_BS;frac1_F_0.025;frac1_F_0.975;Barcode] | BBprofile0: tbl_df;tbl;data.frame 177919x76 [Tumor_Barcode;Battenberg;chr;startpos;endpos;BAF;pval;LogR;ntot;clone_frac;clone_nMaj;clone_nMin;subclone_frac;subclone_nMaj;subclone_nMin;nMaj1_A;nMin1_A;frac1_A;nMaj2_A;nMin2_A;frac2_A;SDfrac_A;SDfrac_A_BS;frac1_A_0.025;frac1_A_0.975;nMaj1_B;nMin1_B;frac1_B;nMaj2_B;nMin2_B;frac2_B;SDfrac_B;SDfrac_B_BS;frac1_B_0.025;frac1_B_0.975;nMaj1_C;nMin1_C;frac1_C;nMaj2_C;nMin2_C;frac2_C;SDfrac_C;SDfrac_C_BS;frac1_C_0.025;frac1_C_0.975;nMaj1_D;nMin1_D;frac1_D;nMaj2_D;nMin2_D;frac2_D;SDfrac_D;SDfrac_D_BS;frac1_D_0.025;frac1_D_0.975;nMaj1_E;nMin1_E;frac1_E;nMaj2_E;nMin2_E;frac2_E;SDfrac_E;SDfrac_E_BS;frac1_E_0.025;frac1_E_0.975;nMaj1_F;nMin1_F;frac1_F;nMaj2_F;nMin2_F;frac2_F;SDfrac_F;SDfrac_F_BS;frac1_F_0.025;frac1_F_0.975;Barcode] | clone_data: tbl_df;tbl;data.frame 3102x11 [Tumor_Barcode;Battenberg;DPClust_Mutations;maxClone;Cluster;CCF;CCF_low;CCF_high;nMutations;Clone;Barcode]	Author-prepared PTC analysis intermediate; recover the matching analysis snapshot after appropriate data access.	GRCh38 where coordinates occur; manuscript p0048 and source reference paths	Fig. 1a;Fig. 2a;Fig. 2b;Fig. 2c;Fig. 2d;Fig. 3e	2cdf7c20542a3b15a243f67ff804abf22f51e7a65f8b3df54f7b91c55b2dd429
oncoplot_colors.csv	data/refs/oncoplot_colors.csv	true	yes			Historical author oncoplot palette; bundled non-participant supporting table.	not coordinate-specific	Fig. 1g;Fig. 1h;Fig. 1i	23c60832dbbbecddebc30829f0c08449e1d1504f1440a740bab4917c00781012
svdata.RData	PTC_INPUT_DIR/svdata.RData	true	no	svdata	svdata: spec_tbl_df;tbl_df;tbl;data.frame 4420x26 [Analysis_Barcode;CHROM1;POS1;CHROM2;POS2;STRAND1;STRAND2;SVTYPE;manta_PR;manta_SR;manta_HOMLEN;manta_HOMSEQ;manta_SVINSLEN;manta_SVINSSEQ;meerkat_DISC_PAIR;meerkat_SPLIT_READ;meerkat_HOMLENG;meerkat_SVINSLENG;meerkat_CONCORDANT_RP1;meerkat_CONCORDANT_RP2;meerkat_GENEA;meerkat_GENEB;meerkat_TYPE1;meerkat_TYPE2;ALGORITHMS;Tumor_Barcode]	Author-prepared PTC analysis intermediate; recover the matching analysis snapshot after appropriate data access.	GRCh38 where coordinates occur; manuscript p0048 and source reference paths	Fig. 1d;Fig. 1e;Fig. 1f	d069f1ec23700d024657a8986edf13f33b7740d93ded40e4a2fcbf3646412df5
thyroid_burden_tp.RData	PTC_INPUT_DIR/thyroid_burden_tp.RData	true	no	thyroid_burden	thyroid_burden: tbl_df;tbl;data.frame 3264x7 [Study;Study2;Subject;Analysis_Barcode;Tumor_Barcode;name;value]	Author-prepared PTC analysis intermediate; recover the matching analysis snapshot after appropriate data access.	GRCh38 where coordinates occur; manuscript p0048 and source reference paths	Extended Data Fig. 1	51611e3c978c98dfa77ed6e3c346c36d31d66618c440570b12b1ca540e2af979
thyroid_evolution_analysis/Chronological_timing_short.RData	PTC_INPUT_DIR/thyroid_evolution_analysis/Chronological_timing_short.RData	true	no	MRCAdata;subclonesTimeAbs;subclonesTimeAbsLinear;mrate;rateDeam;timingclass_groups;timingInfo	MRCAdata: tbl_df;tbl;data.frame 4848x8 [Tumor_Barcode;Latency;Latency_X10;Latency_X90;acceleration;Exposure_Group;age_at_diagnosis;MRCA_age] | subclonesTimeAbs: list  [Chornobyl-Exposed;Chornobyl-Unexposed;TCGA-THCA] | subclonesTimeAbsLinear: list  [Chornobyl-Exposed;Chornobyl-Unexposed;TCGA-THCA] | mrate: tbl_df;tbl;data.frame 808x4 [Tumor_Barcode;age;CpG.TpG.Gb;SP_Group] | rateDeam: list  [Chornobyl-Exposed;Chornobyl-Unexposed;TCGA-THCA] | timingclass_groups: tbl_df;tbl;data.frame 14x3 [Type;n;Exposure_Group] | timingInfo: data.frame 808x6 [avgPloidy;avgHom;isWgd;d;informative;timingClass]	MutationTime_Analysis_thyroid.R chronological timing intermediates; this package uses the saved 1x acceleration model.	GRCh38 where coordinates occur; manuscript p0048 and source reference paths	Fig. 5e;Fig. 5f;Fig. 5g;Extended Data Fig. 4a	ec60d3c1d87a68d619255aa86d2b116ef8cfd4c0e4cd94321c4e97cf8e0389e8
thyroid_mutational_signatures_tp_final.RData	PTC_INPUT_DIR/thyroid_mutational_signatures_tp_final.RData	true	no	thyroid_activity_all;thyroid_activity_all_obs;thyroid_activity_all_ratio;thyroid_sbs96_decompsite;thyroid_id83_decompsite;thyroid_dbs78_decompsite;thyroid_sbs96_profile;thyroid_id83_profile;thyroid_dbs78_profile;sigcol_sbs;sigcol_id;sigcol_dbs;thyroid_tmb;SBScolor;thyroid_sbs96_siganture;thyroid_id83_siganture;thyroid_dbs78_siganture	thyroid_activity_all: tbl_df;tbl;data.frame 817x20 [Tumor_Barcode;SBS1;SBS2;SBS5;SBS8;SBS13;SBS18;SBS40a;SBS21;SBS44;SBS85;ID1;ID2;ID8;ID9;ID23;DBS2;DBS4;DBS11;DBS17] | thyroid_activity_all_obs: tbl_df;tbl;data.frame 817x20 [Tumor_Barcode;SBS1;SBS2;SBS5;SBS8;SBS13;SBS18;SBS40a;SBS21;SBS44;SBS85;ID1;ID2;ID8;ID9;ID23;DBS2;DBS4;DBS11;DBS17] | thyroid_activity_all_ratio: tbl_df;tbl;data.frame 817x20 [Tumor_Barcode;SBS1;SBS2;SBS5;SBS8;SBS13;SBS18;SBS40a;SBS21;SBS44;SBS85;ID1;ID2;ID8;ID9;ID23;DBS2;DBS4;DBS11;DBS17] | thyroid_sbs96_decompsite: tbl_df;tbl;data.frame 817x11 [Tumor_Barcode;Total_Mutations;Cosine_similarity;L1_Norm;L1_Norm_%;100-L1_Norm_%;L2_Norm;L2_Norm_%;100-L2_Norm_%;KL_Divergence;Correlation] | thyroid_id83_decompsite: tbl_df;tbl;data.frame 816x9 [Tumor_Barcode;Total_Mutations;Cosine_similarity;L1_Norm;L1_Norm_%;L2_Norm;L2_Norm_%;KL_Divergence;Correlation] | thyroid_dbs78_decompsite: tbl_df;tbl;data.frame 770x9 [Tumor_Barcode;Total_Mutations;Cosine_similarity;L1_Norm;L1_Norm_%;L2_Norm;L2_Norm_%;KL_Divergence;Correlation] | thyroid_sbs96_profile: tbl_df;tbl;data.frame 78432x3 [Tumor_Barcode;MutationType;Contribution] | thyroid_id83_profile: tbl_df;tbl;data.frame 67811x3 [Tumor_Barcode;MutationType;Contribution] | thyroid_dbs78_profile: tbl_df;tbl;data.frame 63726x3 [Tumor_Barcode;MutationType;Contribution] | sigcol_sbs: character  [SBS1;SBS2;SBS3;SBS4;SBS5;SBS6;SBS7a;SBS7b;SBS7c;SBS7d;SBS8;SBS9;SBS10a;SBS10b;SBS10c;SBS11;SBS12;SBS13;SBS14;SBS15;SBS16;SBS17a;SBS17b;SBS18;SBS19;SBS20;SBS21;SBS22;SBS23;SBS24;SBS25;SBS26;SBS27;SBS28;SBS29;SBS30;SBS31;SBS32;SBS33;SBS34;SBS35;SBS36;SBS37;SBS38;SBS39;SBS40;SBS40a;SBS41;SBS42;SBS43;SBS44;SBS45;SBS46;SBS47;SBS48;SBS49;SBS50;SBS51;SBS52;SBS53;SBS54;SBS55;SBS56;SBS57;SBS58;SBS59;SBS60;SBS84;SBS85;SBS92;SBS-others] | sigcol_id: character  [ID1;ID2;ID8;ID9;ID23] | sigcol_dbs: character  [DBS2;DBS11;DBS17] | thyroid_tmb: tbl_df;tbl;data.frame 817x2 [Tumor_Barcode;TMB] | SBScolor: character  [SBS1;SBS2;SBS3;SBS4;SBS5;SBS6;SBS7a;SBS7b;SBS7c;SBS7d;SBS8;SBS9;SBS10a;SBS10b;SBS10c;SBS11;SBS12;SBS13;SBS14;SBS15;SBS16;SBS17a;SBS17b;SBS18;SBS19;SBS20;SBS21;SBS22;SBS23;SBS24;SBS25;SBS26;SBS27;SBS28;SBS29;SBS30;SBS31;SBS32;SBS33;SBS34;SBS35;SBS36;SBS37;SBS38;SBS39;SBS40;SBS40a;SBS41;SBS42;SBS43;SBS44;SBS45;SBS46;SBS47;SBS48;SBS49;SBS50;SBS51;SBS52;SBS53;SBS54;SBS55;SBS56;SBS57;SBS58;SBS59;SBS60;SBS84;SBS85;SBS92;SBS-others] | thyroid_sbs96_siganture: tbl_df;tbl;data.frame 96x8 [MutationType;SBS1;SBS2;SBS5;SBS8;SBS13;SBS18;SBS40a] | thyroid_id83_siganture: tbl_df;tbl;data.frame 83x5 [MutationType;ID1;ID2;ID8;ID9] | thyroid_dbs78_siganture: tbl_df;tbl;data.frame 78x4 [MutationType;DBS2;DBS11;DBS17]	Historical mutational-signature attribution and probability pipeline; preserve COSMIC/MSA settings.	GRCh38 where coordinates occur; manuscript p0048 and source reference paths	Extended Data Fig. 4c	45630dbf19d6462f4f2702df4db47ff98d39fda6f70d14e46819d659eead76c1
thyroid_signature_probability_tp_final.RData	PTC_INPUT_DIR/thyroid_signature_probability_tp_final.RData	true	no	thyroid_sbs96_probability	thyroid_sbs96_probability: tbl_df;tbl;data.frame 880726x20 [Tumor_Barcode;CHROM;POS;REF;ALT;Gene_Name;AAChange;Variant_Classification;ID;mutType;SBS1;SBS2;SBS5;SBS8;SBS13;SBS40a;SBS18;SBS21;SBS44;SBS85]	Historical mutational-signature attribution and probability pipeline; preserve COSMIC/MSA settings.	GRCh38 where coordinates occur; manuscript p0048 and source reference paths	Fig. 6a;Fig. 6b	64f35c5726c26a393f990292dbde0255a83f55eec3539071991bae56a3f46dba
wgs_clinical.RData	PTC_INPUT_DIR/wgs_clinical.RData	true	no	wgs_clinical	wgs_clinical: tbl_df;tbl;data.frame 917x17 [Subject;primary_diagnosis;age_at_diagnosis;age_at_index;gender;ethnicity;race;vital_status;days_to_last_follow_up;ajcc_pathologic_m;ajcc_pathologic_n;ajcc_pathologic_stage;ajcc_pathologic_t;ajcc_staging_system_edition;icd_10_code;age_at_exposure;exposure_dose]	Author-prepared PTC analysis intermediate; recover the matching analysis snapshot after appropriate data access.	GRCh38 where coordinates occur; manuscript p0048 and source reference paths	Fig. 1a;Fig. 5a;Fig. 5b;Fig. 5c;Fig. 5d;Fig. 5e;Fig. 5f;Fig. 5g;Fig. 6a;Fig. 6b;Extended Data Fig. 4a;Extended Data Fig. 4b;Extended Data Fig. 4c	fcbebe8d7adcde8df9938a377ad191e86847c85f6b9782966c2196a88fa776da
wgs_covdata_tp.RData	PTC_INPUT_DIR/wgs_covdata_tp.RData	true	no	wgs_covdata	wgs_covdata: tbl_df;tbl;data.frame 808x12 [Study;Subject;Tumor_Barcode;Normal_Barcode;Sex;Tumor_Purity;age_at_diagnosis;Tumor_Depth;Normal_Depth;age_cat;PC1;PC2]	Author-prepared PTC analysis intermediate; recover the matching analysis snapshot after appropriate data access.	GRCh38 where coordinates occur; manuscript p0048 and source reference paths	Fig. 1b;Fig. 3d;Fig. 5a;Fig. 5b;Fig. 5c;Fig. 5d;Fig. 5e;Fig. 5f;Fig. 5g;Fig. 6a;Fig. 6b;Extended Data Fig. 4a;Extended Data Fig. 4b;Extended Data Fig. 4c	32996d0498464baf7283ad759a97eff95f63339647f5dbc59376b6e846ad4bca
wgs_metrics.RData	PTC_INPUT_DIR/wgs_metrics.RData	true	no	wgs_metrics	wgs_metrics: tbl_df;tbl;data.frame 2043x33 [Study;Subject;Sample_Type;Barcode;GENOME_TERRITORY;MEAN_COVERAGE;SD_COVERAGE;MEDIAN_COVERAGE;MAD_COVERAGE;PCT_EXC_ADAPTER;PCT_EXC_MAPQ;PCT_EXC_DUPE;PCT_EXC_UNPAIRED;PCT_EXC_BASEQ;PCT_EXC_OVERLAP;PCT_EXC_CAPPED;PCT_EXC_TOTAL;PCT_1X;PCT_5X;PCT_10X;PCT_15X;PCT_20X;PCT_25X;PCT_30X;PCT_40X;PCT_50X;PCT_60X;PCT_70X;PCT_80X;PCT_90X;PCT_100X;HET_SNP_SENSITIVITY;HET_SNP_Q]	Author-prepared PTC analysis intermediate; recover the matching analysis snapshot after appropriate data access.	GRCh38 where coordinates occur; manuscript p0048 and source reference paths	Fig. 1a	3059d27a2d5df81267a3e36303c146c9a1c1ec0de18a100d47aa65727527c9a4
wgsdata_tp.RData	PTC_INPUT_DIR/wgsdata_tp.RData	true	no	wgsdata;bamfile;sample_type_color;study_color;study_color2;tp_tumors	wgsdata: tbl_df;tbl;data.frame 808x11 [Subject;Analysis_Barcode;Tumor_Barcode;Tumor_CRAM_File;Normal_Barcode;Normal_CRAM_File;Sex;Study;Tumor_Type;Normal_Type;Study2] | bamfile: tbl_df;tbl;data.frame 1616x5 [Subject;Barcode;Sample_Type;CRAM_File;Study] | sample_type_color: character  [NB;NT;TP;TM;TR] | study_color: character  [TCGA-THCA;Chornobyl] | study_color2: character  [TCGA-THCA;Chornobyl-Unexposed;Chornobyl-Exposed] | tp_tumors: character  []	QC-filtered manifest from WGS_data_prepare.R; TCGA-THCA and Chornobyl dbGaP-controlled cohorts.	GRCh38 where coordinates occur; manuscript p0048 and source reference paths	Fig. 1a;Fig. 1b;Fig. 1c;Fig. 1d;Fig. 1e;Fig. 1f;Fig. 1g;Fig. 1h;Fig. 1i;Fig. 2a;Fig. 2b;Fig. 2c;Fig. 2d;Fig. 3a;Fig. 3b;Fig. 3c;Fig. 3e;Fig. 4a;Fig. 4b;Fig. 4c;Fig. 4d;Fig. 5a;Fig. 5b;Fig. 5c;Fig. 5d;Fig. 5e;Fig. 5f;Fig. 5g;Fig. 6a;Fig. 6b;Extended Data Fig. 1;Extended Data Fig. 2a;Extended Data Fig. 2b;Extended Data Fig. 4a;Extended Data Fig. 4b;Extended Data Fig. 4c;Supplementary Fig. 3a;Supplementary Fig. 3b	0e7a702bc612a11e17f24472c2034c92e2bc6d463ec583637bf710438fdbd5c5
