id	logical_path	path	tier	sha256	compressed_sha256	bytes	compressed_bytes	rows	columns	role	redistribution
input_004	manuscript/revision_2026-09-30_figure_refinement/staging/derived/M1_a_ordering.tsv	data/processed/files/004_M1_a_ordering.tsv.gz	processed	05cabe2dac4a2acdfa74a96693bd3719cafc4756430baa7c72d5301d0bab2437	fd3843afa24b76d2b5f660377fd2425ad9079b7160c7b705a9f819eb11d209a3	3725282	872364	48450	"[""event"", ""value"", ""noevent"", ""ID"", ""cna"", ""freq"", ""plotpos"", ""display_index""]"	figure_support_aggregate	git_figure_support_aggregate
input_005	manuscript/revision_2026-09-30_figure_refinement/staging/derived/M1_a_violin.tsv	data/processed/files/005_M1_a_violin.tsv.gz	processed	032feb03e074cfc35ec7d0217b920f25c173c0a97dfdd21a7c76fcfc5e7dde0e	ca7df1f1627a291bad43e3647f1b4f57bfcc99810e1edd83eae470909a671a56	5667882	1356200	26265	"[""x"", ""density"", ""scaled"", ""ndensity"", ""count"", ""wdensity"", ""n"", ""y"", ""width"", ""quantile"", ""fill"", ""PANEL"", ""group"", ""violinwidth"", ""flipped_aes"", ""xmin"", ""xmax"", ""order"", ""ymax"", ""weight"", ""colour"", ""linewidth"", ""linetype"", ""alpha""]"	figure_support_aggregate	git_figure_support_aggregate
input_007	manuscript/revision_2026-09-30_figure_refinement/staging/derived/M1_b_ordering.tsv	data/processed/files/007_M1_b_ordering.tsv.gz	processed	579903570bdc851e4023aecb06081a58f8584e7978d060a90787382e81acf915	6d514ca96a10bdc319e3876c5bf8ea77de8813e2fa2fd639f0ae476fd80acb33	2032298	481602	26600	"[""event"", ""value"", ""noevent"", ""ID"", ""cna"", ""freq"", ""plotpos"", ""display_index""]"	figure_support_aggregate	git_figure_support_aggregate
input_008	manuscript/revision_2026-09-30_figure_refinement/staging/derived/M1_b_violin.tsv	data/processed/files/008_M1_b_violin.tsv.gz	processed	2fdc70cc83c633ee5510b2a43b633e34d9406731327f9a10e600fd13e72e33c6	1db60569383739e6d6f3d110b9f946f8eb50660caa1ee5c5146b0cea2b64e843	3107456	745965	14420	"[""x"", ""density"", ""scaled"", ""ndensity"", ""count"", ""wdensity"", ""n"", ""y"", ""width"", ""quantile"", ""fill"", ""PANEL"", ""group"", ""violinwidth"", ""flipped_aes"", ""xmin"", ""xmax"", ""order"", ""ymax"", ""weight"", ""colour"", ""linewidth"", ""linetype"", ""alpha""]"	figure_support_aggregate	git_figure_support_aggregate
input_010	manuscript/revision_2026-09-30_figure_refinement/staging/derived/M1_c_ordering.tsv	data/processed/files/010_M1_c_ordering.tsv.gz	processed	44923c60c764f7eb2b7dc13dac5d248915feec4b11a4f449876c9cc8119176e7	29375aa7f9aec8332969ffc807ebb58b6bf28455f91f8f84c328326be25b7d68	2703462	624183	34200	"[""event"", ""value"", ""noevent"", ""ID"", ""cna"", ""freq"", ""plotpos"", ""display_index""]"	figure_support_aggregate	git_figure_support_aggregate
input_011	manuscript/revision_2026-09-30_figure_refinement/staging/derived/M1_c_violin.tsv	data/processed/files/011_M1_c_violin.tsv.gz	processed	38e02d5220cbf768c3544ebe48343e693edac7ebef5a0aad2173c78e5d0c6bcf	c6f1c59bdbaa067c13a315592acc21ccae3cf10806fd08a7a0fc4f942ed9de81	3994809	957024	18540	"[""x"", ""density"", ""scaled"", ""ndensity"", ""count"", ""wdensity"", ""n"", ""y"", ""width"", ""quantile"", ""fill"", ""PANEL"", ""group"", ""violinwidth"", ""flipped_aes"", ""xmin"", ""xmax"", ""order"", ""ymax"", ""weight"", ""colour"", ""linewidth"", ""linetype"", ""alpha""]"	figure_support_aggregate	git_figure_support_aggregate
input_013	manuscript/revision_2026-09-30_figure_refinement/staging/derived/M1_d_ordering.tsv	data/processed/files/013_M1_d_ordering.tsv.gz	processed	058af4ff0e7f1cde82c0046a759fa32de49e2da1cf2ce669ac5575ec053e91e8	7f08c799d7814623d4f3dc5399ba1acd7b8f39406fcfd79e4d1f572d3d588c90	1774794	404589	21850	"[""event"", ""value"", ""noevent"", ""ID"", ""cna"", ""freq"", ""plotpos"", ""display_index""]"	figure_support_aggregate	git_figure_support_aggregate
input_014	manuscript/revision_2026-09-30_figure_refinement/staging/derived/M1_d_violin.tsv	data/processed/files/014_M1_d_violin.tsv.gz	processed	8205650e3c8fc56e2f71fbecd838859e38987e0c7af1660c21decf307b7f1c37	9264055a1cccf2a3751f7bad7b96e5b6c8c5ef65bd7c403312ab4b19a9dd2b9b	2540838	611142	11845	"[""x"", ""density"", ""scaled"", ""ndensity"", ""count"", ""wdensity"", ""n"", ""y"", ""width"", ""quantile"", ""fill"", ""PANEL"", ""group"", ""violinwidth"", ""flipped_aes"", ""xmin"", ""xmax"", ""order"", ""ymax"", ""weight"", ""colour"", ""linewidth"", ""linetype"", ""alpha""]"	figure_support_aggregate	git_figure_support_aggregate
input_015	manuscript/revision_2026-09-30_figure_refinement/staging/derived/M1_e_subtype_composition_display.tsv	data/processed/files/015_M1_e_subtype_composition_display.tsv.gz	processed	b2276815aadeba08aaa2110599da693ecd641f34572821411ba8a9173263678e	05bcb41649021e6b44d7d4060a6f607aabc081cc8f72f025ff56641ace8bf953	398	260	10	"[""PL_Group"", ""Subtype_Final"", ""n"", ""group_total"", ""percent_within_group""]"	figure_support_aggregate	git_figure_support_aggregate
input_020	manuscript/revision_2026-09-30_figure_refinement/staging/derived/M2_a_ordering.tsv	data/processed/files/020_M2_a_ordering.tsv.gz	processed	8e5bf793bf9c200d0979e22980e429922e8a6fd7366fe996f2c4fd8dee473cd2	7fe6bd94d955a06222da08bbc1995757a06bb49440e6b54a489ae16030eee73f	2669179	599301	34200	"[""event"", ""value"", ""noevent"", ""ID"", ""cna"", ""freq"", ""plotpos"", ""display_index""]"	figure_support_aggregate	git_figure_support_aggregate
input_021	manuscript/revision_2026-09-30_figure_refinement/staging/derived/M2_a_violin.tsv	data/processed/files/021_M2_a_violin.tsv.gz	processed	1dc174f3d9bbbbc5dfa33857dfe28761aceb8ac06e9a50a011f9ae54ec769355	1a61afc29da2eb73acf01123be5a0154f4715d13496d3f04aaf575da31c71285	755872	325688	18540	"[""x"", ""y"", ""violinwidth""]"	figure_support_aggregate	git_figure_support_aggregate
input_023	manuscript/revision_2026-09-30_figure_refinement/staging/derived/M2_b_ordering.tsv	data/processed/files/023_M2_b_ordering.tsv.gz	processed	d96243b993fdaeac7c924000b885c2bfa17288c811a582590ebca1366f422401	ea5d5ba5dc26366ce8c5291e728648bdd93b452db0466b5472632562659a230e	3008748	720698	40850	"[""event"", ""value"", ""noevent"", ""ID"", ""cna"", ""freq"", ""plotpos"", ""display_index""]"	figure_support_aggregate	git_figure_support_aggregate
input_024	manuscript/revision_2026-09-30_figure_refinement/staging/derived/M2_b_violin.tsv	data/processed/files/024_M2_b_violin.tsv.gz	processed	543d90abd519cdb7b309b49cab602e13b271f8d9d6d457ec5b97d6d0d21d0915	fdab95c82e504d3a5211231fa3381fe1eb2c2aad5cdee9dbf86780cd1887b15f	900818	390412	22145	"[""x"", ""y"", ""violinwidth""]"	figure_support_aggregate	git_figure_support_aggregate
input_037	manuscript/revision_2026-09-30_figure_refinement/staging/derived/M4_a_ordering.tsv	data/processed/files/037_M4_a_ordering.tsv.gz	processed	bb7c9c06c335366eb515b64dc69236c61a8a4e8009c5240fccfd823df08e3e4d	e0934e69f2d22ea136d9e66b9afbbd6c200ef4bbede6a1543dad43c41cc281af	2383897	573504	31350	"[""event"", ""value"", ""noevent"", ""ID"", ""cna"", ""freq"", ""plotpos"", ""display_index""]"	figure_support_aggregate	git_figure_support_aggregate
input_038	manuscript/revision_2026-09-30_figure_refinement/staging/derived/M4_a_violin.tsv	data/processed/files/038_M4_a_violin.tsv.gz	processed	1a1c157769748a90174f48783b9237f7c84c49994e8765aedc0d3abf52d22c02	9720d603d8a8daae5dbe8493f49b1853d8ed7ca20f0b74fad83f3bdb99db6bf0	3654080	877361	16995	"[""x"", ""density"", ""scaled"", ""ndensity"", ""count"", ""wdensity"", ""n"", ""y"", ""width"", ""quantile"", ""fill"", ""PANEL"", ""group"", ""violinwidth"", ""flipped_aes"", ""xmin"", ""xmax"", ""order"", ""ymax"", ""weight"", ""colour"", ""linewidth"", ""linetype"", ""alpha""]"	figure_support_aggregate	git_figure_support_aggregate
input_040	manuscript/revision_2026-09-30_figure_refinement/staging/derived/M4_b_ordering.tsv	data/processed/files/040_M4_b_ordering.tsv.gz	processed	58ca5eaf57dace7c51915eb684554df086d3175cd3efd703be2ae4d603c06f53	b460c0d2d60009e2cfb56b81a5b59a2a8ef765d1d58862e364465bff4908972f	2004537	489135	26600	"[""event"", ""value"", ""noevent"", ""ID"", ""cna"", ""freq"", ""plotpos"", ""display_index""]"	figure_support_aggregate	git_figure_support_aggregate
input_041	manuscript/revision_2026-09-30_figure_refinement/staging/derived/M4_b_violin.tsv	data/processed/files/041_M4_b_violin.tsv.gz	processed	886d1ea0cbd13b0621c75e9b73736782f109d306e9f95ea190a4879b0fd0483b	2b0e38c18a4b8dec99eda8f13889f82852d09b8785368da15501420b2c2e50b6	3106109	745941	14420	"[""x"", ""density"", ""scaled"", ""ndensity"", ""count"", ""wdensity"", ""n"", ""y"", ""width"", ""quantile"", ""fill"", ""PANEL"", ""group"", ""violinwidth"", ""flipped_aes"", ""xmin"", ""xmax"", ""order"", ""ymax"", ""weight"", ""colour"", ""linewidth"", ""linetype"", ""alpha""]"	figure_support_aggregate	git_figure_support_aggregate
input_043	manuscript/revision_2026-09-30_figure_refinement/staging/derived/M4_c_ordering.tsv	data/processed/files/043_M4_c_ordering.tsv.gz	processed	758a8fd211feb672ec45090bde3007408f226c34fd94a12f851547181fd8f426	32bd03d6687be7599e082dce25d7e3e2a9a9d932413746533a7c17ddaa289d18	2396392	591296	32300	"[""event"", ""value"", ""noevent"", ""ID"", ""cna"", ""freq"", ""plotpos"", ""display_index""]"	figure_support_aggregate	git_figure_support_aggregate
input_044	manuscript/revision_2026-09-30_figure_refinement/staging/derived/M4_c_violin.tsv	data/processed/files/044_M4_c_violin.tsv.gz	processed	9c97de331a83b22516ddfc6887d1ca3842851422d2a98366dca65bf817465133	ee7f151110213eeaadeb57171776f8e1c78fc89aa6ea7fcb96bbdedb4b70236e	3767536	904703	17510	"[""x"", ""density"", ""scaled"", ""ndensity"", ""count"", ""wdensity"", ""n"", ""y"", ""width"", ""quantile"", ""fill"", ""PANEL"", ""group"", ""violinwidth"", ""flipped_aes"", ""xmin"", ""xmax"", ""order"", ""ymax"", ""weight"", ""colour"", ""linewidth"", ""linetype"", ""alpha""]"	figure_support_aggregate	git_figure_support_aggregate
input_045	results/PL-output/plackett_luce_astro_g2_g3/tcga_astro_DN1_mergedseg_G1.txt	data/external/files/045_tcga_astro_DN1_mergedseg_G1.txt.gz	external	8dbc170fa5115476da7d1474ea9a9343cea903b227c7a881d9e5fcff20754da6	33bf9aa6bee756dd662495ebdfd797aa24764719a16e877f03f00f57f53d570c	152430	11444	2032	"[""Tumour_Name"", ""chr"", ""startpos"", ""endpos"", ""CNA"", ""ID""]"	minimal_author_request_input	request_measured_data
input_046	results/PL-output/plackett_luce_astro_g2_g3/tcga_astro_DN2_mergedseg_G1.txt	data/external/files/046_tcga_astro_DN2_mergedseg_G1.txt.gz	external	5fbe38d4ab22959b826e947359d19b9b79ce65f41d43e8d3eb0a9b978d9e014a	d58105c1ec403b88900e468ef272b06f30aed91f7486568b71b6eef29e7c096f	64209	5844	864	"[""Tumour_Name"", ""chr"", ""startpos"", ""endpos"", ""CNA"", ""ID""]"	minimal_author_request_input	request_measured_data
input_047	results/analysis/amplicon_classifier_2_update_2026-10-02/current/curated_feature_calls.tsv	data/external/files/047_curated_feature_calls.tsv.gz	external	274ad9443e4d47ebf9873ae895c74a38fddb11e6b1a9f6adcf41c0c82d6020df	19de4d7cd88374e4cd210b0c671a8675bd005765c8b3908726b670dcfddca4ba	195713	41711	539	"[""Feature ID"", ""Classification"", ""Oncogenes"", ""All genes"", ""Subject"", ""Tumor_Barcode"", ""filter_passing"", ""max_cn"", ""context""]"	minimal_author_request_input	request_measured_data
input_048	results/analysis/amplicon_classifier_2_update_2026-10-02/current/figure5/amplicon_subject_table.tsv	data/external/files/048_amplicon_subject_table.tsv.gz	external	86d74d889517c63652dc356c36f30e8bb3b66ea5a6fa442bcb7bcad9dbe31ac9	b38341fed2c4d09353bf057fc50d86e1dd17bfafae7a25aa8be96ddb743b2fd7	10570	2039	389	"[""Subject"", ""DN_Group"", ""n_linear"", ""n_ecDNA"", ""n_BFB"", ""n_complex_non_cyclic"", ""n_FAN""]"	minimal_author_request_input	request_measured_data
input_049	results/analysis/amplicon_classifier_2_update_2026-10-02/current/figure5/ecdna_candidate_features.tsv	data/external/files/049_ecdna_candidate_features.tsv.gz	external	c4d2b50e9ab3135197c6f142020e5f545c97930e1147edddd3aa7b3c9be72acc	1404a87528b10dc96a5b46414b413c20942cba30de19971a99bb104ae5ded227	96835	16692	329	"[""Feature ID"", ""Classification"", ""Oncogenes"", ""All genes"", ""Subject"", ""Tumor_Barcode"", ""filter_passing"", ""max_cn"", ""context"", ""DN_Group""]"	minimal_author_request_input	request_measured_data
input_050	results/analysis/amplicon_classifier_2_update_2026-10-02/current/figure5/ecdna_positive_subject_denominators.tsv	data/processed/files/050_ecdna_positive_subject_denominators.tsv.gz	processed	6b2dd901de4d5be10d2e5825b4caeff27703c74179da3837ad2d852c830892b6	f3d02c08ee94fa27a0ab518b65a6d8b48468b585b5b8f16b1aacf54cf63da3e8	48	65	3	"[""DN_Group"", ""n_ecdna_subjects""]"	figure_support_aggregate	git_figure_support_aggregate
input_051	results/analysis/amplicon_classifier_2_update_2026-10-02/current/figure5/ecdna_subject_gene_context.tsv	data/external/files/051_ecdna_subject_gene_context.tsv.gz	external	54054599420926929283802527cf74d73d5f99e9edc6ee0d86b9a29d6837f379	4c6e29ce3f381f8a23dbeeb0c134259cbefe9057f234b98048ffa43725722eb5	77350	9030	516	"[""Subject"", ""Tumor_Barcode"", ""DN_Group"", ""Feature_ID"", ""context"", ""max_cn"", ""gene""]"	minimal_author_request_input	request_measured_data
input_052	results/analysis/amplicon_classifier_2_update_2026-10-02/current/figure5/panel_a_amplicon_global_fisher.tsv	data/processed/files/052_panel_a_amplicon_global_fisher.tsv.gz	processed	7f1aae2673d6d34a62d7e0de91b32ac2c15f52b1323dc7f61ffdf8bc80ef79ca	948189a1db7f9f66f625d7a855e85c9efd0da4291b7bde0a326f12ed306a261e	263	195	5	"[""amplicon_class"", ""p_value"", ""fdr""]"	figure_support_aggregate	git_figure_support_aggregate
input_053	results/analysis/amplicon_classifier_2_update_2026-10-02/current/figure5/panel_a_amplicon_pairwise_fisher.tsv	data/processed/files/053_panel_a_amplicon_pairwise_fisher.tsv.gz	processed	f79e88b4573c7498ef381b9376f78c4670fe418f35cc08f87707ac2786c13189	f6dd479e5f356323a295953a28c5ad08ba5d5a8108fd421ef77c5a50b5d495c2	955	428	15	"[""amplicon_class"", ""group_1"", ""group_2"", ""p_value"", ""fdr_within_class"", ""fdr""]"	figure_support_aggregate	git_figure_support_aggregate
input_054	results/analysis/amplicon_classifier_2_update_2026-10-02/current/figure5/panel_a_amplicon_patient_counts.tsv	data/external/files/054_panel_a_amplicon_patient_counts.tsv.gz	external	eb3a3da033b06f4d525a0a7f9711c2adc6f114c24f1ec42cd6430d122e852694	c6553a0c97756100690a355c7951b88da01c09298a0c91a7fc7d25b5e150d9cb	72015	8215	1945	"[""Subject"", ""DN_Group"", ""field"", ""n_amplicons"", ""amplicon_class""]"	minimal_author_request_input	request_measured_data
input_055	results/analysis/amplicon_classifier_2_update_2026-10-02/current/figure5/panel_a_amplicon_rates.tsv	data/processed/files/055_panel_a_amplicon_rates.tsv.gz	processed	9f053cb81838cde99c3b397b3f588e153f52b65cdffa2f332f8ed9f041f06b82	04bce77c2f31f1722055602e8c6c1b6d139953531f6c62baf929d80b9b1188e2	618	313	15	"[""DN_Group"", ""amplicon_class"", ""positive"", ""total"", ""n_features"", ""pct""]"	figure_support_aggregate	git_figure_support_aggregate
input_056	results/analysis/amplicon_classifier_2_update_2026-10-02/current/figure5/panel_a_architecture_burden_global_tests.tsv	data/processed/files/056_panel_a_architecture_burden_global_tests.tsv.gz	processed	024a80d28058327c06fc9a68f463cf49f65cb55498b403d16b54b38c8e0863db	a9b4df27fb333ca9febe8909288f97f1140303ed396da913cbe9e3e9e978b968	268	182	5	"[""amplicon_class"", ""p_value"", ""fdr""]"	figure_support_aggregate	git_figure_support_aggregate
input_057	results/analysis/amplicon_classifier_2_update_2026-10-02/current/figure5/panel_a_architecture_burden_pairwise_tests.tsv	data/processed/files/057_panel_a_architecture_burden_pairwise_tests.tsv.gz	processed	053a0756697b8583aa5facef83366ed67195e965baa6397e6dedd8ccb10d2671	1619716d6c2ea34b6ecd5c1267ddff31ab06c05c737057ec140eb9354721d0b9	1129	473	15	"[""group_1"", ""group_2"", ""p_value"", ""fdr"", ""amplicon_class"", ""fdr_within_class""]"	figure_support_aggregate	git_figure_support_aggregate
input_058	results/analysis/amplicon_classifier_2_update_2026-10-02/current/figure5/panel_b_ecdna_oncogene_burden.tsv	data/external/files/058_panel_b_ecdna_oncogene_burden.tsv.gz	external	edd0e3fba56fa04daf368c1c49a83aa82c854b1c25ea43043e157247028dfd60	0a698d068d889ad5681057bc4da32e4039ec9893336d02f10d1c24a8a7b9fabf	4466	1093	233	"[""Subject"", ""DN_Group"", ""n_distinct_oncogenes""]"	minimal_author_request_input	request_measured_data
input_059	results/analysis/amplicon_classifier_2_update_2026-10-02/current/figure5/panel_b_ecdna_oncogene_burden_global_test.tsv	data/processed/files/059_panel_b_ecdna_oncogene_burden_global_test.tsv.gz	processed	78a0e85897b514be55fd815c41bd170fa14626cccb0a153d8e6c56fa7a4267ae	6852d7fb89c065d1fea4549176b6e78824c2446e061566630fbdd46781bcf531	103	118	1	"[""metric"", ""test"", ""p_value""]"	figure_support_aggregate	git_figure_support_aggregate
input_060	results/analysis/amplicon_classifier_2_update_2026-10-02/current/figure5/panel_b_ecdna_oncogene_burden_pairwise_tests.tsv	data/processed/files/060_panel_b_ecdna_oncogene_burden_pairwise_tests.tsv.gz	processed	ecc7e9536898f22eaf07806715f3074f9b8ec131a19da5a332e55512fbe743dd	827f32bbc39c562efaa86b0352801ea1682844db9b21f458e74f4b836fc74e2f	322	181	3	"[""metric"", ""group_1"", ""group_2"", ""p_value"", ""fdr""]"	figure_support_aggregate	git_figure_support_aggregate
input_061	results/analysis/amplicon_classifier_2_update_2026-10-02/current/figure5/panel_b_summary.tsv	data/processed/files/061_panel_b_summary.tsv.gz	processed	a89eeb9cbf555334cb70f4ec7592d52b5d0ec183ff9902cd1ee7e6bcf979d855	454b813156eca6c28299fd06ba3efc16596755a3a878c7f9cb64d93d545c56c3	106	105	3	"[""DN_Group"", ""n"", ""median"", ""mean""]"	figure_support_aggregate	git_figure_support_aggregate
input_062	results/analysis/amplicon_classifier_2_update_2026-10-02/current/figure5/panel_c_oncogene_one_vs_rest_fisher.tsv	data/processed/files/062_panel_c_oncogene_one_vs_rest_fisher.tsv.gz	processed	59d0390dae6fefd4986448155e86c9b86510895c742c9cf8626243af5ddfb043	c1b42ce9c1e6691bb2b4f0f86c527c7426a98eb6f9a3171b12bce59f4458cbaa	7158	3084	54	"[""gene"", ""DN_Group"", ""positive_target"", ""total_target"", ""positive_other"", ""total_other"", ""odds_ratio"", ""log2_or"", ""log2_or_low"", ""log2_or_high"", ""p_value"", ""fdr""]"	figure_support_aggregate	git_figure_support_aggregate
input_063	results/analysis/amplicon_classifier_2_update_2026-10-02/current/figure5/panel_c_oncogene_prevalence.tsv	data/processed/files/063_panel_c_oncogene_prevalence.tsv.gz	processed	a3a98b3828800507b94c6a7727a847b373147abe7d1b1579071554cd7205817e	53e6c8b774d8ad4db6483b3d2e1406810bfbae7a90517419c062da959d74c855	1264	455	36	"[""DN_Group"", ""gene"", ""positive"", ""n_ecdna_subjects"", ""pct""]"	figure_support_aggregate	git_figure_support_aggregate
input_064	results/analysis/amplicon_classifier_2_update_2026-10-02/current/figure5/panel_d_cooccurrence_context_prevalence.tsv	data/processed/files/064_panel_d_cooccurrence_context_prevalence.tsv.gz	processed	28813a01f20848c44721f6c93aa47649bf8e6297f0937810516338eba92e7ff9	0a28a82bca72ec59ce7ac54d82992966fa9c92059d46077a68f4b29b18c1c35b	7132	1049	108	"[""DN_Group"", ""gene"", ""context"", ""positive"", ""rank"", ""n_ecdna_tumors"", ""pct""]"	figure_support_aggregate	git_figure_support_aggregate
input_065	results/analysis/amplicon_classifier_2_update_2026-10-02/current/figure5/panel_d_cooccurrence_nodes.tsv	data/processed/files/065_panel_d_cooccurrence_nodes.tsv.gz	processed	aa453c6dd311f91fa39aedaca7ca30fb865912cd705889d1f149a6b75d7cc104	aefc82ad044866fa9603b9f73b77bd6563ae8765e20ca8e494ab67090a9af67e	1451	565	36	"[""gene"", ""n_tumors"", ""unique_feature_ids"", ""rank"", ""DN_Group"", ""n_ecdna_tumors"", ""pct"", ""x""]"	figure_support_aggregate	git_figure_support_aggregate
input_066	results/analysis/amplicon_classifier_2_update_2026-10-02/current/figure5/panel_d_cooccurrence_pairs.tsv	data/processed/files/066_panel_d_cooccurrence_pairs.tsv.gz	processed	2801203094b72ee7627b411e4e25ea199a6623f97967fd83a46f5457ccc14bfe	e1a226233457bd4ee93729550bde6e157f61347a90e22b992dc4e1536e45e0f1	1431	481	65	"[""DN_Group"", ""gene_1"", ""gene_2"", ""pair_count"", ""x"", ""xend""]"	figure_support_aggregate	git_figure_support_aggregate
input_067	results/analysis/amplicon_classifier_2_update_2026-10-02/current/figure5/panel_d_cooccurrence_top_genes.tsv	data/processed/files/067_panel_d_cooccurrence_top_genes.tsv.gz	processed	aa453c6dd311f91fa39aedaca7ca30fb865912cd705889d1f149a6b75d7cc104	aefc82ad044866fa9603b9f73b77bd6563ae8765e20ca8e494ab67090a9af67e	1451	565	36	"[""gene"", ""n_tumors"", ""unique_feature_ids"", ""rank"", ""DN_Group"", ""n_ecdna_tumors"", ""pct"", ""x""]"	figure_support_aggregate	git_figure_support_aggregate
input_068	results/analysis/amplicon_classifier_2_update_2026-10-02/current/figure5/panel_d_cooccurrence_tumor_denominators.tsv	data/processed/files/068_panel_d_cooccurrence_tumor_denominators.tsv.gz	processed	89884baa7facb4f787842f961b7789becd90542896ce2b361cea142a4787f5f0	c5db4c0ed6e03a23dd6cd116b01f930800efc16d52348c1ef8e7e602d12f94f1	46	63	3	"[""DN_Group"", ""n_ecdna_tumors""]"	figure_support_aggregate	git_figure_support_aggregate
input_069	results/analysis/amplicon_classifier_2_update_2026-10-02/current/figure5/panel_e_candidate_sensitivity_global_test.tsv	data/processed/files/069_panel_e_candidate_sensitivity_global_test.tsv.gz	processed	a2c0458c1b146cc0709d1657dd239353377592f1bd1c7ebbf26e478a6bd24fd9	b0275e181a4796ad78541894f970be6fb9848950efecaa0e2da5895249932088	49	69	1	"[""test"", ""p_value""]"	figure_support_aggregate	git_figure_support_aggregate
input_070	results/analysis/amplicon_classifier_2_update_2026-10-02/current/figure5/panel_e_candidate_sensitivity_pairwise_tests.tsv	data/processed/files/070_panel_e_candidate_sensitivity_pairwise_tests.tsv.gz	processed	4e7ce64a9eeeb36548320cc92d5e7203b02b780774f19071be3c8eaf5d0ef3a7	eff50ba34d35695a79b8fa9f1c7a434cc4797c70754cf92c6c78881bd02099a8	175	135	3	"[""group_1"", ""group_2"", ""p_value"", ""fdr""]"	figure_support_aggregate	git_figure_support_aggregate
input_071	results/analysis/amplicon_classifier_2_update_2026-10-02/current/figure5/panel_e_egfr_copy_number_candidate_sensitivity.tsv	data/external/files/071_panel_e_egfr_copy_number_candidate_sensitivity.tsv.gz	external	887e0398a3c92d06ccb90dbf68b7a7a3e5055d7f3f64918431d82d69a3eafc1c	889b0617a0346cec03f9476071abfafd239f55485c28f102576fe7bbfb12e226	5778	2462	163	"[""Subject"", ""DN_Group"", ""max_egfr_ecDNA_cn""]"	minimal_author_request_input	request_measured_data
input_072	results/analysis/amplicon_classifier_2_update_2026-10-02/current/figure5/panel_e_egfr_ecdna_copy_number.tsv	data/external/files/072_panel_e_egfr_ecdna_copy_number.tsv.gz	external	2e74e5d1b50f876ea9bac9e42bbdccc2cdea0aec6e78eef57431b9a8a2d7ff5c	20a82ad7f29c9608f650f4e5ef0c0d8acd701223c00a29bdb337208bdca3308a	5742	2448	162	"[""Subject"", ""DN_Group"", ""max_egfr_ecDNA_cn""]"	minimal_author_request_input	request_measured_data
input_073	results/analysis/amplicon_classifier_2_update_2026-10-02/current/figure5/panel_e_egfr_expression.tsv	data/external/files/073_panel_e_egfr_expression.tsv.gz	external	2bc4bdd366f316959188f4a22a1d6a1569f9b0fcf4b8dc51bb92c377edb8066e	e8011279ae39c2a98fd1eb96a0a8202d1af3f68aad7b31489d05af8b424e47ed	7444	2856	208	"[""Subject"", ""DN_Group"", ""EGFR_expression""]"	minimal_author_request_input	request_measured_data
input_074	results/analysis/amplicon_classifier_2_update_2026-10-02/current/figure5/panel_e_egfr_fusion_classes.tsv	data/processed/files/074_panel_e_egfr_fusion_classes.tsv.gz	processed	05d2f1f9bca8992c5ec0e7adea098b70ec28d73ca29148b0b424a2d290527ed3	1dc9937b142eb6a62baf41806a0f287c1b5e18bdcf1052f9fdd2b5090ce1939c	395	243	9	"[""DN_Group"", ""Architecture"", ""n_subjects"", ""total_subjects"", ""pct_subjects""]"	figure_support_aggregate	git_figure_support_aggregate
input_075	results/analysis/amplicon_classifier_2_update_2026-10-02/current/figure5/panel_e_global_tests.tsv	data/processed/files/075_panel_e_global_tests.tsv.gz	processed	6876492774e473da0b90886072a5cb740db7cd53a3b0517ff92c906f71e639dc	34eec86ffb0f99451930829bacf1fc7bd99c8a9a425ec14b6e7f8fbbebee9b49	193	169	3	"[""metric"", ""test"", ""p_value""]"	figure_support_aggregate	git_figure_support_aggregate
input_076	results/analysis/amplicon_classifier_2_update_2026-10-02/current/figure5/panel_e_pairwise_tests.tsv	data/processed/files/076_panel_e_pairwise_tests.tsv.gz	processed	74584991644b250d2848bc8b22601d5ab2878fd185e89d9dcbd7f21a037fe4da	9c514e0b793c1bf695310d83612e729e57d30371fdd2b056630933cf60b74141	662	315	9	"[""metric"", ""group_1"", ""group_2"", ""p_value"", ""fdr""]"	figure_support_aggregate	git_figure_support_aggregate
input_077	results/analysis/amplicon_classifier_2_update_2026-10-02/current/figure5/panel_e_summary.tsv	data/processed/files/077_panel_e_summary.tsv.gz	processed	e96f2788a9f673b46d9362b5a62996ec2d22269df18b370dbfc1155dfcf74cb3	8a755563a7ee32e904b21c70f3184de58662c03fa202dace95f5fe8198e2df9e	152	130	3	"[""DN_Group"", ""n"", ""median"", ""mean""]"	figure_support_aggregate	git_figure_support_aggregate
input_078	results/analysis/bcor_reclassification_2026-09-21/analysis/GBM_primary_group_roster.tsv	data/external/files/078_GBM_primary_group_roster.tsv.gz	external	cc2b6b92574d265d1b8acbb2c9ea2dce94105c5a27d1f93af5e7ab9f2450b5d3	449a1a54834313bf2a7d7eae6f1c3c663e851a15d1e8260dbe306676e377e2c9	6630	1556	389	"[""DN_Group"", ""Subject""]"	minimal_author_request_input	request_measured_data
input_081	results/analysis/bcor_reclassification_2026-09-21/figures/figure3/source-data/panel-i/patient_column_key.tsv	data/external/files/081_patient_column_key.tsv.gz	external	c025ca877f54b03ca7670d4198b017e0cb25a90ca39c7e1326805151b001e7bc	27ee4682daf869e9ca2e2921c68ca912fbd48979e5d1687fff4c544d7df4a122	3788	1495	88	"[""Subject"", ""route"", ""column_index"", ""CT_component_SVs"", ""CT_span_Mb"", ""hist_grade"", ""grade_explicit""]"	minimal_author_request_input	request_measured_data
input_082	results/analysis/bcor_reclassification_2026-09-21/figures/figure3/source-data/panel-i/patient_gene_matrix.tsv	data/external/files/082_patient_gene_matrix.tsv.gz	external	d35ed44319d9bdee9bd7b71a6766d05f2d21d7ac4acf4ffb4ca1e57656045669	eaff37bcbc41478b788739c9d91ea17821332245e9e5f8167bcde1c1452ea83d	38321	3091	704	"[""Subject"", ""gene"", ""CT_overlap"", ""AMP"", ""CN0"", ""LOH_main"", ""LOH_secondary"", ""missing_CN""]"	minimal_author_request_input	request_measured_data
input_083	results/analysis/bcor_reclassification_2026-09-21/figures/figure4/derived-data/gain-timing/gbm_dn3_panel_d_gain_timing_curve.tsv	data/external/files/083_gbm_dn3_panel_d_gain_timing_curve.tsv.gz	external	15ee6b75546f4aaaf6ab85e3b5a569f3fbbe729f3f4ba91a4d28cd910241d5ca	7c25b17233013a604a883eaf3e95eb0a4d738a220e762a64032b6f8c30db2969	336846	103162	3961	"[""Evo_Group"", ""time"", ""segment_weight"", ""cum_frac"", ""time_display"", ""cum_frac_display""]"	minimal_author_request_input	request_measured_data
input_084	results/analysis/bcor_reclassification_2026-09-21/figures/figure4/derived-data/gain-timing/gbm_dn3_panel_d_gain_timing_global_permutation.tsv	data/processed/files/084_gbm_dn3_panel_d_gain_timing_global_permutation.tsv.gz	processed	214dc0ea1bd6333d9c28b80dd22c571534d8eb45667e778eafefd2802521fffc	a37b550f09273d9f9c204209fbafe7c8d17067280f6d6d2008c540abe4f4d794	102	110	1	"[""statistic"", ""observed"", ""pvalue"", ""n_permutations""]"	figure_support_aggregate	git_figure_support_aggregate
input_085	results/analysis/bcor_reclassification_2026-09-21/figures/figure4/derived-data/gain-timing/gbm_dn3_panel_d_gain_timing_stats.tsv	data/processed/files/085_gbm_dn3_panel_d_gain_timing_stats.tsv.gz	processed	016d57101741a63cba7dab5e0bbe5b7cc912b60f60cf6b0847990b9f838e9a58	42d6c6b1279dd714832a43341c2255a108f14be4e0199835b0458fa607674b97	237	196	3	"[""Evo_Group"", ""weighted_mean_time"", ""n_samples"", ""n_segments"", ""total_gain_mb"", ""global_range_permutation_pvalue""]"	figure_support_aggregate	git_figure_support_aggregate
input_086	results/analysis/bcor_reclassification_2026-09-21/figures/figure4/derived-data/pcawg-timing/gbm_dn3_pcawg_timing_pie_bins.tsv	data/processed/files/086_gbm_dn3_pcawg_timing_pie_bins.tsv.gz	processed	71ed62089468b8820de36ef7676ddf32f16cc24b20faa2921bbd69f1042bb280	8c724c7cf9673cde3a8a21d28b562bc0384163fd2cc06e29fd982c128a53a8ea	33312	11696	1148	"[""Evo_Group"", ""category"", ""time_bin"", ""weight"", ""n_events"", ""n_samples"", ""time_mid""]"	figure_support_aggregate	git_figure_support_aggregate
input_087	results/analysis/bcor_reclassification_2026-09-21/figures/figure4/derived-data/pcawg-timing/gbm_dn3_pcawg_timing_pie_summary.tsv	data/processed/files/087_gbm_dn3_pcawg_timing_pie_summary.tsv.gz	processed	c447260f011429c92cac9fcf8a471f9a044191f865d2899b6a4da6af1f07656f	39ade25bd5e60c458fdb62d5563cbcafbfa24649ba86278ba2804a74fe63c1cc	5779	2435	75	"[""Evo_Group"", ""category"", ""source_type"", ""n_events"", ""n_samples"", ""total_weight_mb"", ""weighted_mean_time"", ""weighted_median_time""]"	figure_support_aggregate	git_figure_support_aggregate
input_088	results/analysis/bcor_reclassification_2026-09-21/figures/figure4/derived-data/publication-panels/figure4_six_metric_pairwise_tests.tsv	data/processed/files/088_figure4_six_metric_pairwise_tests.tsv.gz	processed	2d8161d3668d95a687b2a942aa1a55adfb2f5085ba2c7e6bbb7e1b03cb28174e	d13c69ff5842ae02e0759ea169035b1d8b0ac14ef665547010e2adea5243b55a	1232	542	18	"[""metric"", ""group1"", ""group2"", ""n_group1"", ""n_group2"", ""p_value"", ""q_value""]"	figure_support_aggregate	git_figure_support_aggregate
input_089	results/analysis/bcor_reclassification_2026-09-21/figures/figure4/derived-data/publication-panels/figure4_six_metric_values.tsv	data/external/files/089_figure4_six_metric_values.tsv.gz	external	69c926c6879849b670b4182a33b9b50c76d0606c373e14ae2047a037a1210acb	69c024162a4d87ba24fd1d419bd830faa7fddbfe2a9bace6524987fb57e5e1b4	118261	26174	2093	"[""Tumor_Barcode"", ""DN_Group"", ""metric"", ""value""]"	minimal_author_request_input	request_measured_data
input_103	results/analysis/bcor_reclassification_2026-09-21/figures/figure5/derived-data/row4-source/figure4_hallmark_gsea_top4_nonredundant.tsv	data/processed/files/103_figure4_hallmark_gsea_top4_nonredundant.tsv.gz	processed	78f3d0e111ddca359a7a75228747ffe70e7437839d8c2685fd97ebff096bd29d	a88859c9ffce3c75a3848d6a10d8d0f4acad08c40cec124a598c9da99afab680	2133	909	12	"[""Contrast"", ""Pathway"", ""NES"", ""Absolute_NES"", ""FDR"", ""Enriched_Group"", ""Comparator_Group"", ""Minus_Log10_FDR_Capped"", ""Pathway_Family"", ""Pathway_Label"", ""Pathway_Facet""]"	figure_support_aggregate	git_figure_support_aggregate
input_113	results/analysis/bcor_reclassification_2026-09-21/rna/analysis/GBM_state_analysis_metadata.tsv	data/external/files/113_GBM_state_analysis_metadata.tsv.gz	external	50c5341f74bb11673ba08d4f876fe52ee55435d50437ceff72923c2fc3b09117	6fa3b371498f976246758a97c9393aa97f3d5d73fcf7759b534692094ef149e0	7492	1630	205	"[""Subject"", ""DN_Group"", ""dominant_state"", ""BB_Purity"", ""RNA_Center""]"	minimal_author_request_input	request_measured_data
input_114	results/analysis/bcor_reclassification_2026-09-21/rna/analysis/GBM_state_composition.tsv	data/processed/files/114_GBM_state_composition.tsv.gz	processed	737815ab983dd0141107f13d03f12700aeeadd612538d2f84e45b12127c739bc	e65808a81102752b97d134cad3468de29f916b3f304a6b3e1bae22643712fb01	260	130	12	"[""DN_Group"", ""dominant_state"", ""N""]"	figure_support_aggregate	git_figure_support_aggregate
input_115	results/analysis/bcor_reclassification_2026-09-21/rna/analysis/GBM_state_global.tsv	data/processed/files/115_GBM_state_global.tsv.gz	processed	85df7effcf154c165d69d4784e0d4d7b16217c30ff15d96f204b1d68f5489c59	452173f1c513f1466a272ce0b0a6ed001347afe295ac5f6a7f11a171d0201a83	141	144	1	"[""Purity_Source"", ""Model"", ""Test"", ""Outcome"", ""N"", ""Statistic"", ""DF"", ""P""]"	figure_support_aggregate	git_figure_support_aggregate
input_117	results/analysis/bcor_reclassification_2026-09-21/survival/analysis/ASTRO_cox_data.tsv	data/external/files/117_ASTRO_cox_data.tsv.gz	external	1035132670a2f96fefa419de13bb39741d15ce406e24fa611798513f7915642a	aa5db05db89656e5373995d2806b2fea2292817e7aea59ee79c7cb6a43feb506	22614	8944	228	"[""Subject"", ""group"", ""os_time"", ""os_event"", ""age10"", ""sex"", ""purity10"", ""grade"", ""PC1_z"", ""PC2_z""]"	minimal_author_request_input	request_measured_data
input_118	results/analysis/bcor_reclassification_2026-09-21/survival/analysis/ASTRO_km_data.tsv	data/external/files/118_ASTRO_km_data.tsv.gz	external	eb2cfaeab5124d10a09b968612d99e6aea271939ff9816b1f07aad5cf19aba03	793dbf6f8c85640e6eddf3f7c218391d0fc0089ad4c282be181ac2dfbfcd03cb	8908	2765	252	"[""Subject"", ""group"", ""os_time"", ""os_event""]"	minimal_author_request_input	request_measured_data
input_119	results/analysis/bcor_reclassification_2026-09-21/survival/analysis/Figure2d_display_contrasts.tsv	data/processed/files/119_Figure2d_display_contrasts.tsv.gz	processed	8efc2d5ad211f24ea72d4a4307206289355d3820229d25b75418d48873270dbf	357d803050ae1af3132c21c100f634298c1892bf4f0be2ea5288b1aad39e9325	1567	712	7	"[""term"", ""estimate"", ""p.value"", ""conf.low"", ""conf.high"", ""label"", ""sig"", ""plot_label"", ""original_estimate"", ""original_conf_low"", ""original_conf_high"", ""original_label"", ""contrast_reversed""]"	figure_support_aggregate	git_figure_support_aggregate
input_120	results/analysis/bcor_reclassification_2026-09-21/survival/analysis/Figure4e_display_contrasts.tsv	data/processed/files/120_Figure4e_display_contrasts.tsv.gz	processed	906ce1a14c0c1bb1f9aeb908ba943d4a2738e03bf141a1e51c01ad11b217775d	ab654c00acbbc5311df698963688025225551e17d1ba7b3b870302e285638408	1906	833	7	"[""analysis"", ""term"", ""estimate"", ""std.error"", ""statistic"", ""p.value"", ""conf.low"", ""conf.high"", ""label"", ""original_estimate"", ""original_conf_low"", ""original_conf_high"", ""original_label"", ""contrast_reversed"", ""original_statistic""]"	figure_support_aggregate	git_figure_support_aggregate
input_121	results/analysis/bcor_reclassification_2026-09-21/survival/analysis/GBM_cox_data.tsv	data/external/files/121_GBM_cox_data.tsv.gz	external	1c2ec31fab40fac74538e3389e3747923abc7d95f5ea8ab280665c86273e63fb	9416582cb95514da62bf0aa5db6362e6e389fc0fedda6e12c4075eb3feb92e4f	35299	14262	382	"[""Subject"", ""group"", ""os_time"", ""os_event"", ""age10"", ""sex"", ""purity10"", ""PC1_z"", ""PC2_z""]"	minimal_author_request_input	request_measured_data
input_122	results/analysis/bcor_reclassification_2026-09-21/survival/analysis/GBM_km_data.tsv	data/external/files/122_GBM_km_data.tsv.gz	external	bf3226cc460bc2b4e5dc646e9294b3908cc69a404145e208ef0310574394fc7a	dd5d9c6972883bf9d7ac0492636cc14135d57e378f4652882dfea86f8741a56e	12210	3948	382	"[""Subject"", ""group"", ""os_time"", ""os_event""]"	minimal_author_request_input	request_measured_data
input_123	results/analysis/bcor_reclassification_2026-09-21/survival/analysis/all_KM_tests.tsv	data/processed/files/123_all_KM_tests.tsv.gz	processed	c1b127d9c2c78f18819bdbd5dc1cdf081cbb24447752b4c5a702fb194c201eb8	7b0eeed9564867a3294dc1aced20f60326868264811455595d7a3423f65f3321	108	114	2	"[""analysis"", ""n"", ""events"", ""p_value""]"	figure_support_aggregate	git_figure_support_aggregate
input_124	results/analysis/bcor_reclassification_2026-09-21/survival/analysis/all_cox_terms.tsv	data/processed/files/124_all_cox_terms.tsv.gz	processed	133eaeb47c93d2ba921f7687a3349201d0ca15749a8a6f90c32d01d2548fa247	714209f86edd1ce8aa2129d0ba0050a10546e0be3336db19cfc1ea9cee3a538a	1983	1045	14	"[""analysis"", ""term"", ""estimate"", ""std.error"", ""statistic"", ""p.value"", ""conf.low"", ""conf.high""]"	figure_support_aggregate	git_figure_support_aggregate
input_126	results/analysis/pooled_814_rerun_2026-09-28/figures/figure1/derived-data/panel_f_pcawg_timing_bins.tsv	data/processed/files/126_panel_f_pcawg_timing_bins.tsv.gz	processed	0e53b708a90ed52fef18c97000d8388168bd865f27109432448b8bb8bf909250	03df9c488739765baa4a7206c40645365d8f0add75229e69920b245ae76615ea	52256	18023	1731	"[""Subtype_Final"", ""category"", ""time_bin"", ""weight"", ""n_events"", ""n_samples"", ""time_mid""]"	figure_support_aggregate	git_figure_support_aggregate
input_127	results/analysis/pooled_814_rerun_2026-09-28/figures/figure1/derived-data/panel_f_pcawg_timing_events.tsv	data/external/files/127_panel_f_pcawg_timing_events.tsv.gz	external	4fb3e11ebc23debb76efbe1d7ea679db751b859d0e1486f5b674f45c2c2d3965	e9cf9a8631ed6809d0af405a813b27044956db5aaad6fad8247d89de2a060424	1108133	214613	13520	"[""Tumor_Barcode"", ""Subtype_Final"", ""chr"", ""category"", ""time"", ""weight"", ""source_type""]"	minimal_author_request_input	request_measured_data
input_128	results/analysis/pooled_814_rerun_2026-09-28/figures/figure1/derived-data/panel_g_gain_timing_curve.tsv	data/external/files/128_panel_g_gain_timing_curve.tsv.gz	external	29283ebb6257a29c74655512d40c4ad79b5409af55c87b5ebb9d56b7ed2bbc6e	3fab45316843224b5c2643d1c04a8feb4621fc4ae46a155b79e83a56634441e4	455922	155817	6665	"[""Subtype_Final"", ""time"", ""segment_weight"", ""cum_frac"", ""cum_frac_display""]"	minimal_author_request_input	request_measured_data
input_129	results/analysis/pooled_814_rerun_2026-09-28/figures/figure1/derived-data/panel_g_gain_timing_global_permutation.tsv	data/processed/files/129_panel_g_gain_timing_global_permutation.tsv.gz	processed	344b79291afd6c96269c031c68a4cca65b0c955a512ef87f9d36435cee61a5f0	e5dd3d851d24f95a31c18e4af43ede9b06ff1cf7fa5264c0b617ea1a122c1ac4	123	124	1	"[""statistic"", ""observed"", ""pvalue"", ""n_permutations""]"	figure_support_aggregate	git_figure_support_aggregate
input_130	results/analysis/pooled_814_rerun_2026-09-28/figures/figure1/derived-data/panel_g_gain_timing_summary.tsv	data/processed/files/130_panel_g_gain_timing_summary.tsv.gz	processed	94a34cc6967921fe2249d37b8195c5b131ac94754ce01b719a43a1c789d0154e	141995bda8246c10636131ae86228e667b605d3b25e80c93e46feb4896262ca5	206	185	3	"[""Subtype_Final"", ""weighted_mean_time"", ""n_samples"", ""n_segments"", ""total_gain_mb""]"	figure_support_aggregate	git_figure_support_aggregate
input_131	results/analysis/pooled_814_rerun_2026-09-28/figures/figure1/derived-data/panel_h_chronological_pairwise_tests.tsv	data/processed/files/131_panel_h_chronological_pairwise_tests.tsv.gz	processed	5306d56d064b2dd3cf04e0bc32701bcab6183d1dcaf19fe65c6cbb2379691ad2	fdcc8f45051173601c27e6a978591cb35e708216b4d375d8a8a4493daa843f34	838	412	9	"[""metric"", ""group_1"", ""group_2"", ""comparison_order"", ""n_group_1"", ""n_group_2"", ""pvalue"", ""padj_bh"", ""label""]"	figure_support_aggregate	git_figure_support_aggregate
input_132	results/analysis/pooled_814_rerun_2026-09-28/figures/figure1/derived-data/panel_h_chronological_timing_values.tsv	data/external/files/132_panel_h_chronological_timing_values.tsv.gz	external	dff814471c956754e8b66ed3968c64901a078571bda7d97eba85ac7423384972	09e3098a3dac7fd17cef8b54c8bab4ca409e60797ec2444cd1cbf962066cd422	105093	19641	1817	"[""Tumor_Barcode"", ""Subtype_Final"", ""Metric"", ""value""]"	minimal_author_request_input	request_measured_data
input_133	results/analysis/pooled_814_rerun_2026-09-28/figures/figure1/derived-data/panel_i_bic_model_selection.tsv	data/processed/files/133_panel_i_bic_model_selection.tsv.gz	processed	ac33e0764f60cdba78c25d7e35f3b80957f8e80abecd989245462731e0053deb	630be769ebaf597bea55bdf575ab8741f338de0da81f1af4550239f88a3700bb	1466	618	18	"[""Subtype_Final"", ""G"", ""n_ordering_realizations"", ""median_bic"", ""delta_bic"", ""n_samples"", ""selected"", ""selected_g"", ""delta_label"", ""subtype_label""]"	figure_support_aggregate	git_figure_support_aggregate
input_134	results/analysis/pooled_814_rerun_2026-09-28/figures/figure1/derived-data/panel_shared_subtype_counts.tsv	data/processed/files/134_panel_shared_subtype_counts.tsv.gz	processed	cdcae33b401024d458f0dfb1e273474b2ee6b955d4f8bb976cf0da76f8a2c975	d81c134ca66d5d86a29d93002f68afdbc42ed0901e90cc34b3c07b926f775023	52	72	3	"[""Subtype_Final"", ""n_samples""]"	figure_support_aggregate	git_figure_support_aggregate
input_140	results/analysis/pooled_814_rerun_2026-09-28/preparation/pooled_G3_display/tcga_all_glioma_DN1_mergedseg_G1.txt	data/processed/files/140_tcga_all_glioma_DN1_mergedseg_G1.txt.gz	processed	dfabcaf2b51fec76686c2285997d4d329414586d8a0a8c8a9ae7a14e12b5f456	59564c171c2dece03368aa7c2cc3527987ff9b6a7dc33aeb16b0f2336d53d88e	16328	2744	411	"[""chr"", ""startpos"", ""endpos"", ""CNA"", ""noevent"", ""ID""]"	figure_support_aggregate	git_figure_support_aggregate
input_143	results/analysis/pooled_814_rerun_2026-09-28/preparation/pooled_G3_display/tcga_all_glioma_DN2_mergedseg_G1.txt	data/processed/files/143_tcga_all_glioma_DN2_mergedseg_G1.txt.gz	processed	127b04b87f33badd45ac42e8363fe009bc067a467eb3a3b281312ac597f97aae	1ad62dc6d7c0aa798ea2be2da1f9e414c46111bfe4b52c976e0f9446de8885c0	9895	1955	247	"[""chr"", ""startpos"", ""endpos"", ""CNA"", ""noevent"", ""ID""]"	figure_support_aggregate	git_figure_support_aggregate
input_146	results/analysis/pooled_814_rerun_2026-09-28/preparation/pooled_G3_display/tcga_all_glioma_DN3_mergedseg_G1.txt	data/processed/files/146_tcga_all_glioma_DN3_mergedseg_G1.txt.gz	processed	908779f0eef41ddea4ef611d8bda707c3bf4ca011d358f99869553fdf59148b1	52fe82aa5173d144c8f5b2cfab47f2a3893de29e7bf76f70784c8fc5fe25a403	8800	1695	216	"[""chr"", ""startpos"", ""endpos"", ""CNA"", ""noevent"", ""ID""]"	figure_support_aggregate	git_figure_support_aggregate
input_147	results/analysis/rna_adjustment_corrections_2026-09-16/analysis/ASTRO_plate_adjusted_DESeq2.tsv	data/processed/files/147_ASTRO_plate_adjusted_DESeq2.tsv.gz	processed	a5b6fed46ac2d910be032266b0977cb35b7d70d0ddc2fe7e1dc0e5a2122c3b6e	c590077eb39b84b8c560a3fb82221bf4f459ed9158cb938ce0896ae6c3940345	10251731	2997093	49889	"[""Ensembl_ID"", ""Beta_Converged"", ""Base_Mean_All"", ""baseMean"", ""log2FoldChange"", ""lfcSE"", ""pvalue"", ""padj"", ""Inference_Status"", ""Clean_Ensembl"", ""Symbol"", ""gene_type"", ""row_id""]"	figure_support_aggregate	git_figure_support_aggregate
input_148	results/figures/figure2/derived-data/astro_age_mrca_latency_primary_2p5x_sample_table.tsv	data/external/files/148_astro_age_mrca_latency_primary_2p5x_sample_table.tsv.gz	external	eed2687f3851a9663bc531d5f5e662bc3faccf5bc6fd2f159b938aee041c5333	f96fefdbad27d992022cc7e68dd16b163d7b2ae8115d74c36f0393eb0db0ca48	21996	5981	254	"[""Tumor_Barcode"", ""Evo_Group"", ""age_at_diagnosis_years"", ""acceleration"", ""latency_years"", ""age_mrca_years"", ""Subject""]"	minimal_author_request_input	request_measured_data
input_149	results/figures/figure2/derived-data/astro_age_mrca_latency_primary_tests.tsv	data/processed/files/149_astro_age_mrca_latency_primary_tests.tsv.gz	processed	ca98ee26ba3b5ce00518869a823ef917c15a91a4b693f9a6d7bbb0a7ddd3641f	7f64744170b8ab58ee78b9b5aa09851e8b841e08964a969f685f6a324a441a14	1143	595	3	"[""metric"", ""label"", ""acceleration"", ""n_group1"", ""n_group2"", ""median_group1"", ""q1_group1"", ""q3_group1"", ""mean_group1"", ""median_group2"", ""q1_group2"", ""q3_group2"", ""mean_group2"", ""median_difference_group2_minus_group1"", ""mean_difference_group2_minus_group1"", ""wilcox_pvalue"", ""welch_pvalue"", ""higher_median_group"", ""q_wilcox_primary"", ""q_welch_primary""]"	figure_support_aggregate	git_figure_support_aggregate
input_150	results/figures/figure2/derived-data/diagnostics/astro_focused_data_allele_specific_cn.tsv	data/external/files/150_astro_focused_data_allele_specific_cn.tsv.gz	external	1a1dcdf6f2bac64ed9fd3bce452f01dc28245419aa7057992732373b9d76a29f	65ef78a9af7be9174047c9abf4d88e0624878dab816a9b612097322b1130aae2	16950	2216	217	"[""Subject"", ""Tumor_Barcode"", ""Gene"", ""Alteration"", ""Type""]"	minimal_author_request_input	request_measured_data
input_152	results/figures/figure2/derived-data/diagnostics/astro_focused_data_feature.tsv	data/external/files/152_astro_focused_data_feature.tsv.gz	external	200cce229c63874aa00951e71a248182d8d8382caf59960a471bf72345189010	19cbb25251f27dd4574d04f800650ed2a609f1c838cc719ffd4baccf72640b8b	19242	2083	263	"[""Subject"", ""Tumor_Barcode"", ""Gene"", ""Alteration"", ""Type""]"	minimal_author_request_input	request_measured_data
input_153	results/figures/figure2/derived-data/diagnostics/astro_focused_data_mutation.tsv	data/external/files/153_astro_focused_data_mutation.tsv.gz	external	3577dbf7178aea4a4208f7ebed200d2d8bd519732507d4ee5206a9ce047494cf	16dd1e9362f9509bcd276f15a0a37d9563cf31d961aaecd068e2732884352d17	35059	2975	437	"[""Subject"", ""Tumor_Barcode"", ""Gene"", ""Alteration"", ""Type""]"	minimal_author_request_input	request_measured_data
input_154	results/figures/figure2/derived-data/diagnostics/astro_focused_data_promoter.tsv	data/external/files/154_astro_focused_data_promoter.tsv.gz	external	e4d6d71f099b936f74dcbd1a0d0be83615c065dd752b68017faab1d8b074b65e	681df6b445390640db2988859a01dd463036809b892f0fe27a0dcad199264e48	1483	337	20	"[""Subject"", ""Tumor_Barcode"", ""Gene"", ""Alteration"", ""Type""]"	minimal_author_request_input	request_measured_data
input_155	results/figures/figure2/derived-data/diagnostics/astro_focused_sample_order.tsv	data/external/files/155_astro_focused_sample_order.tsv.gz	external	720650d70f91b8ffdf7c88f46c8be2320a7f641102dafb356deea71cf66ee6cc	3a6b5d2ea65addebcf81ed94fed9223d6aa689a01623237d743769bc5c351691	11070	1627	263	"[""Tumor_Barcode"", ""Evo_Group""]"	minimal_author_request_input	request_measured_data
input_156	results/figures/figure2/derived-data/diagnostics/tp53_copy_number_analysis_data.tsv	data/external/files/156_tp53_copy_number_analysis_data.tsv.gz	external	4f53a1150884ac587f20f374b06470021ab37209b88dd8d7e5237c50f732c844	01b042411aef868fe33d5675fd948b85ec64c07ba5db98382667ebf63dd24a94	14864	2311	226	"[""Subject"", ""Tumor_Barcode"", ""Evo_Group"", ""total_cn_raw"", ""mutant_copies_raw"", ""total_cn_display"", ""mutant_copies_display""]"	minimal_author_request_input	request_measured_data
input_157	results/figures/figure2/derived-data/diagnostics/tp53_copy_number_model_terms.tsv	data/processed/files/157_tp53_copy_number_model_terms.tsv.gz	processed	e745ab7c75cc87bd37c0a31f701d54b051b8849bcca8eed2c7d29c79583bb0eb	1be9d1a56888c1aede648d21016967ae565127d4861950af8b805059b3529a58	644	403	4	"[""term"", ""estimate"", ""std_error"", ""statistic"", ""p_value"", ""conf_low"", ""conf_high""]"	figure_support_aggregate	git_figure_support_aggregate
input_158	results/figures/figure3/derived-data/figure3_gain_timing_curve.tsv	data/external/files/158_figure3_gain_timing_curve.tsv.gz	external	79b43464dee6d81b8a1308ff0f5991062ba584ee3513c6f61aa80f964dc1c429	c679e1d6caad56ec8827e4eab4215041efc52af9a433b8342434fdb106edb1a6	122909	46516	2190	"[""Evo_Group"", ""time"", ""segment_weight"", ""cum_frac""]"	minimal_author_request_input	request_measured_data
input_159	results/figures/figure3/derived-data/figure3_gain_timing_stats.tsv	data/processed/files/159_figure3_gain_timing_stats.tsv.gz	processed	ec95cdd8910a2a3ca151a31b7e3c87dac738251ede414e6a7b2095afe8cf8eda	bfc7d2cae4a867d4b5320b6f14af91160be88aa80da11793e83f6b7e8297152a	288	205	2	"[""Evo_Group"", ""weighted_mean_time"", ""n_segments"", ""n_samples"", ""total_gain_mb"", ""delta_group1_minus_group2"", ""permutation_pvalue"", ""n_permutations""]"	figure_support_aggregate	git_figure_support_aggregate
input_160	results/figures/figure3/derived-data/figure3_sample_metrics.tsv	data/external/files/160_figure3_sample_metrics.tsv.gz	external	9e3189cfdff5636a2f79a844c4301392ec87579966f2dad33b0d0e63c564c274	b74c1ee6288a2841f96873d36263565752206b08fe9a1538fd0266cd59b224bc	75730	28928	263	"[""Tumor_Barcode"", ""any_hc_ct"", ""hc_ct_chr_count"", ""multi_hc_ct"", ""max_hc_cluster_size"", ""max_hc_osc_cn_segments"", ""Evo_Group"", ""high_quality_sv_count"", ""interchrom_sv_count"", ""inversion_sv_count"", ""translocation_sv_count"", ""ddr_alteration_burden"", ""checkpoint_driver_burden"", ""chr12_13_checkpoint_burden"", ""TP53_PL_max_mutant_copies"", ""TL_Ratio"", ""fraction_genome_altered"", ""aneuploidy_score"", ""BB_Ploidy"", ""genomic_instability_cox_score_z"", ""tumor_break_load"", ""TERT_expr"", ""ATRX_expr"", ""TERT_promoter_hotspot"", ""arm_cna_burden"", ""telomere_recombination_ssgsea_score"", ""cin70_score"", ""cin25_score"", ""hrd_loh_segments"", ""hrd_loh_mb"", ""TP53_PL_max_mutant_copies_capped5"", ""log2_TP53_PL_mutant_copies_plus1"", ""interchrom_sv_fraction""]"	minimal_author_request_input	request_measured_data
input_161	results/figures/figure3/derived-data/figure3_specificity_fingerprint.tsv	data/processed/files/161_figure3_specificity_fingerprint.tsv.gz	processed	7fe2928c42091a6eb7937a847e5a099dc41c765ffd72bc6fab5a1464025dfc6e	93832c21b56a9d116f9f56581792b4143414a573f9f90bcfa52bac7069125dce	2466	1146	12	"[""variable"", ""metric"", ""metric_class"", ""value_transform"", ""n_group1"", ""n_group2"", ""mean_group1"", ""mean_group2"", ""median_group1"", ""median_group2"", ""standardized_mean_difference"", ""pvalue"", ""significant"", ""significance"", ""enrichment_call""]"	figure_support_aggregate	git_figure_support_aggregate
input_162	results/figures/figure3/derived-data/figure3_tert_promoter_test.tsv	data/processed/files/162_figure3_tert_promoter_test.tsv.gz	processed	fe46406189a21c1ff472d06bd0a7e600620ccd8914655cb73190c921d6d49bb6	9a89525a6455753240236746866bbecc343410ad5bffd5904de4ef07a30010b4	356	253	1	"[""test_family"", ""variable"", ""metric"", ""n_group1"", ""n_group2"", ""value_group1"", ""value_group2"", ""pct_group1"", ""pct_group2"", ""effect_label"", ""effect"", ""ci_low"", ""ci_high"", ""pvalue""]"	figure_support_aggregate	git_figure_support_aggregate
input_163	results/figures/figure3/derived-data/figure3_tests.tsv	data/processed/files/163_figure3_tests.tsv.gz	processed	cf60dfd38101ad796cdae673bf6e94d9877bf1067850786b41629ec33fe8c4c8	216f6591722e66514ce13ffa734a485bfcd10348a846d608a3d2114a3a14a340	8260	3157	28	"[""test_family"", ""variable"", ""metric"", ""n_group1"", ""n_group2"", ""value_group1"", ""value_group2"", ""pct_group1"", ""pct_group2"", ""effect_label"", ""effect"", ""ci_low"", ""ci_high"", ""pvalue"", ""mean_group1"", ""mean_group2"", ""q25_group1"", ""q75_group1"", ""q25_group2"", ""q75_group2"", ""padj_bh_all_tests"", ""p_label"", ""fdr_label""]"	figure_support_aggregate	git_figure_support_aggregate
input_164	scripts/functions/oncoplot_colors.csv	data/processed/files/164_oncoplot_colors.csv.gz	processed	aa81730b276c32fb5b60adf2a4126c8cd3eb5c7950287a88c28daa8d49a887ab	2a1593e022294f302602dbd4742d5326dc978bcb788fb8da764c850772b38821	1295	749	72	"[""Name"", ""Color""]"	figure_support_aggregate	git_project_style
input_165	scripts/plackett-luce/Ordering_Model/reference_files/CIC_hg38_coordinates.tsv	data/external/files/165_CIC_hg38_coordinates.tsv.gz	external	c758e91674071bb66c6b6f0f7520ecdd74eff1b5f9bd158fd0d15e4f9fe13805	fff30bcf69beb1be1785b3c53d13490d9bf6a9d9287aa68e9b0014845cb752d0	51	68	1	"[""symbol"", ""seqnames"", ""start"", ""end""]"	minimal_author_request_input	request_reference_provenance
input_169	results/analysis/bcor_reclassification_2026-09-21/figures/figure4/derived-data/gain-timing/gbm_dn3_panel_d_gain_timing_sample_sums.tsv	data/external/files/169_gbm_dn3_panel_d_gain_timing_sample_sums.tsv.gz	external	17dfd8322652c6c1b52a57ae723c16cfa5d3cf2e092c3ab2236a59999b06491a	db0b13600768554b92c9615e0f1ae1ccab3af91705917e5eab567dbb437f9229	24731	8996	392	"[""Tumor_Barcode"", ""Evo_Group"", ""weighted_time_sum"", ""segment_weight_sum"", ""n_segments""]"	minimal_author_request_input	request_measured_data
