manuscript_id	figure_id	panel_id	legend_paragraph_id	legend_snippet	source_docx_sha256
Fig. 1a	Fig. 1	a	p0142	a, Age at diagnosis, tumor sequencing depth and tumor purity across TCGA-THCA (n = 455), Chornobyl-unexposed (n = 70) and Chornobyl-exposed (n = 283) tumors. Box plots show the median (center line), interquartile range (box) and whiskers extending to 1.5× the interquartile range.	d065cc5c5f705fd821d4b2f7c0b8885e702dc0dbb1b890e638713f07aca401e6
Fig. 1b	Fig. 1	b	p0142	b, Cohort-specific mutation frequencies of driver genes identified by IntOGen, coloured by predicted mode of action (activating, ambiguous or loss of function).	d065cc5c5f705fd821d4b2f7c0b8885e702dc0dbb1b890e638713f07aca401e6
Fig. 1c	Fig. 1	c	p0142	c, Structural-variant breakpoint density per sample in 5-Mb genomic windows across the three cohorts. Recurrent peaks overlapping major kinase genes are labelled.	d065cc5c5f705fd821d4b2f7c0b8885e702dc0dbb1b890e638713f07aca401e6
Fig. 1d	Fig. 1	d	p0142	d–f, Circos plots showing structural variants in TCGA-THCA (d), Chornobyl-unexposed (e) and Chornobyl-exposed (f) tumors.	d065cc5c5f705fd821d4b2f7c0b8885e702dc0dbb1b890e638713f07aca401e6
Fig. 1e	Fig. 1	e	p0142	d–f, Circos plots showing structural variants in TCGA-THCA (d), Chornobyl-unexposed (e) and Chornobyl-exposed (f) tumors.	d065cc5c5f705fd821d4b2f7c0b8885e702dc0dbb1b890e638713f07aca401e6
Fig. 1f	Fig. 1	f	p0142	d–f, Circos plots showing structural variants in TCGA-THCA (d), Chornobyl-unexposed (e) and Chornobyl-exposed (f) tumors.	d065cc5c5f705fd821d4b2f7c0b8885e702dc0dbb1b890e638713f07aca401e6
Fig. 1g	Fig. 1	g	p0142	g–i, Integrated genomic profiles of driver mutations, oncogenic fusions, TERT-promoter mutations and clonal or subclonal 22q loss in TCGA-THCA (g), Chornobyl-exposed (h) and Chornobyl-unexposed (i) tumors. Bars above each oncoprint indicate sample-level mutation burden; percentages at right indicate cohort-specific frequencies of individual alterations.	d065cc5c5f705fd821d4b2f7c0b8885e702dc0dbb1b890e638713f07aca401e6
Fig. 1h	Fig. 1	h	p0142	g–i, Integrated genomic profiles of driver mutations, oncogenic fusions, TERT-promoter mutations and clonal or subclonal 22q loss in TCGA-THCA (g), Chornobyl-exposed (h) and Chornobyl-unexposed (i) tumors. Bars above each oncoprint indicate sample-level mutation burden; percentages at right indicate cohort-specific frequencies of individual alterations.	d065cc5c5f705fd821d4b2f7c0b8885e702dc0dbb1b890e638713f07aca401e6
Fig. 1i	Fig. 1	i	p0142	g–i, Integrated genomic profiles of driver mutations, oncogenic fusions, TERT-promoter mutations and clonal or subclonal 22q loss in TCGA-THCA (g), Chornobyl-exposed (h) and Chornobyl-unexposed (i) tumors. Bars above each oncoprint indicate sample-level mutation burden; percentages at right indicate cohort-specific frequencies of individual alterations.	d065cc5c5f705fd821d4b2f7c0b8885e702dc0dbb1b890e638713f07aca401e6
Fig. 2a	Fig. 2	a	p0143	a, Genome-wide frequencies of clonal (top) and subclonal (bottom) somatic copy-number gains, losses, amplifications and homozygous deletions inferred using Battenberg. Chromosome boundaries are indicated.	d065cc5c5f705fd821d4b2f7c0b8885e702dc0dbb1b890e638713f07aca401e6
Fig. 2b	Fig. 2	b	p0143	b, Copy-number states across chromosome 22q in tumors with clonal or subclonal 22q loss, grouped by cohort.	d065cc5c5f705fd821d4b2f7c0b8885e702dc0dbb1b890e638713f07aca401e6
Fig. 2c	Fig. 2	c	p0143	c, Estimated cancer cell fraction (CCF) of subclonal 22q loss across the three cohorts. Points represent individual tumors. Box plots show the median (center line), interquartile range (box) and whiskers extending to 1.5× the interquartile range.	d065cc5c5f705fd821d4b2f7c0b8885e702dc0dbb1b890e638713f07aca401e6
Fig. 2d	Fig. 2	d	p0143	d, Associations of clonal (left) and subclonal (right) 22q loss with recurrent mutations and oncogenic fusions. The x axes show log2 odds ratios and the y axes show −log10(FDR) from two-sided Fisher’s exact tests. Events with FDR < 0.05 are labelled.	d065cc5c5f705fd821d4b2f7c0b8885e702dc0dbb1b890e638713f07aca401e6
Fig. 3a	Fig. 3	a	p0144	a, Ridgeline distributions of MATH scores across the three cohorts; vertical lines indicate cohort medians.	d065cc5c5f705fd821d4b2f7c0b8885e702dc0dbb1b890e638713f07aca401e6
Fig. 3b	Fig. 3	b	p0144	b, Associations of recurrent genomic alterations with MATH score in the combined cohort. The x axis shows the log2 fold change in MATH between alteration-positive and alteration-negative tumors, and the y axis shows −log10(FDR). The horizontal dotted line denotes FDR = 0.05.	d065cc5c5f705fd821d4b2f7c0b8885e702dc0dbb1b890e638713f07aca401e6
Fig. 3c	Fig. 3	c	p0144	c, MATH score distributions stratified by TERT-promoter mutation, BRAF mutation, KRAS mutation and clonal 22q-loss status.	d065cc5c5f705fd821d4b2f7c0b8885e702dc0dbb1b890e638713f07aca401e6
Fig. 3d	Fig. 3	d	p0144	d, Minimum CCF of detected mutation clusters as a function of the number of reads per tumor chromosomal copy (NRPCC). Each point represents one tumor and colour indicates the number of inferred subclones; marginal CCF distributions are shown at right.	d065cc5c5f705fd821d4b2f7c0b8885e702dc0dbb1b890e638713f07aca401e6
Fig. 3e	Fig. 3	e	p0144	e, Distribution of the number of detected subclones across major genomic alteration groups. Counts are shown within bars.	d065cc5c5f705fd821d4b2f7c0b8885e702dc0dbb1b890e638713f07aca401e6
Fig. 4a	Fig. 4	a	p0145	a, Distributions of inferred CCFs for clonal and subclonal mutation clusters across the three cohorts. Dashed lines indicate the recurrent subclonal peak at CCF 0.20–0.25 and the clonal peak near 1.0.	d065cc5c5f705fd821d4b2f7c0b8885e702dc0dbb1b890e638713f07aca401e6
Fig. 4b	Fig. 4	b	p0145	b, Relationship between CCF and the proportion of mutations assigned to each cluster, stratified by cohort and subclonal mutation-burden state. Red points denote clonal clusters; cyan and green points denote mutation-rich and mutation-poor subclonal clusters, respectively; point size represents the proportion of mutations assigned to each cluster.	d065cc5c5f705fd821d4b2f7c0b8885e702dc0dbb1b890e638713f07aca401e6
Fig. 4c	Fig. 4	c	p0145	c, Associations of recurrent genomic alterations with high versus low subclonal mutation burden in the combined cohort.	d065cc5c5f705fd821d4b2f7c0b8885e702dc0dbb1b890e638713f07aca401e6
Fig. 4d	Fig. 4	d	p0145	d, Corresponding associations within each cohort. In c,d, the x axes show log2 odds ratios from Fisher’s exact tests and the y axes show −log10(P values). Horizontal dashed lines denote P < 0.05 (lower) and FDR < 0.05 (upper); alterations with P < 0.05 are labelled.	d065cc5c5f705fd821d4b2f7c0b8885e702dc0dbb1b890e638713f07aca401e6
Fig. 4e	Fig. 4	e	p0145	e, Schematic phylogenetic trees illustrating a BRAF-associated architecture characterized by mutation-rich subclonal expansion, with subclonal 22q loss in a subset of tumors (top), and a clonal-dominant architecture associated with KRAS, TERT-promoter mutation, oncogenic fusions or clonal 22q loss, including BRAF plus TERT tumors (bottom). Schematics summarize recurrent associations and do not imply a fixed order of evolutionary events.	d065cc5c5f705fd821d4b2f7c0b8885e702dc0dbb1b890e638713f07aca401e6
Fig. 5a	Fig. 5	a	p0146	a, Associations of recurrent genomic alterations with age at diagnosis, age at exposure and radiation dose. The x axis shows the effect estimate and the y axis shows −log10(FDR); symbol shape denotes alteration type and colour denotes the age or exposure variable.	d065cc5c5f705fd821d4b2f7c0b8885e702dc0dbb1b890e638713f07aca401e6
Fig. 5b	Fig. 5	b	p0146	b–d, Age-stratified frequencies of TERT-promoter mutation (b), BRAF mutation (c) and oncogenic fusions (d) by cohort. Point size indicates the number of tumors in each age group.	d065cc5c5f705fd821d4b2f7c0b8885e702dc0dbb1b890e638713f07aca401e6
Fig. 5c	Fig. 5	c	p0146	b–d, Age-stratified frequencies of TERT-promoter mutation (b), BRAF mutation (c) and oncogenic fusions (d) by cohort. Point size indicates the number of tumors in each age group.	d065cc5c5f705fd821d4b2f7c0b8885e702dc0dbb1b890e638713f07aca401e6
Fig. 5d	Fig. 5	d	p0146	b–d, Age-stratified frequencies of TERT-promoter mutation (b), BRAF mutation (c) and oncogenic fusions (d) by cohort. Point size indicates the number of tumors in each age group.	d065cc5c5f705fd821d4b2f7c0b8885e702dc0dbb1b890e638713f07aca401e6
Fig. 5e	Fig. 5	e	p0146	e, Associations of clinical, ancestry and exposure variables with inferred tumor latency combined cohorts. Points and error bars show regression coefficients and confidence intervals, respectively; β coefficients and P values are shown.	d065cc5c5f705fd821d4b2f7c0b8885e702dc0dbb1b890e638713f07aca401e6
Fig. 5f	Fig. 5	f	p0146	f, Associations of recurrent genomic alterations with inferred tumor latency.	d065cc5c5f705fd821d4b2f7c0b8885e702dc0dbb1b890e638713f07aca401e6
Fig. 5g	Fig. 5	g	p0146	g, Associations of recurrent genomic alterations with inferred age at the most recent common ancestor (MRCA). In f and g, the x axis shows the regression coefficient and the y axis shows −log10(FDR). Dashed lines denote FDR = 0.05.	d065cc5c5f705fd821d4b2f7c0b8885e702dc0dbb1b890e638713f07aca401e6
Fig. 6a	Fig. 6	a	p0147	a, Clonal SBS1 plus SBS5 mutation burden as a function of age at diagnosis in TCGA-THCA. Segmented regression identified a breakpoint at 52.2 years (95% confidence interval, 45.8–58.7 years), with age-associated slopes of 4.7 ± 1.5 mutations per year before and 15.8 ± 1.8 mutations per year after the breakpoint. Red-inlined points indicate tumors harboring TERT-promoter mutations.	d065cc5c5f705fd821d4b2f7c0b8885e702dc0dbb1b890e638713f07aca401e6
Fig. 6b	Fig. 6	b	p0147	b, Corresponding relationship in the combined Chornobyl cohorts, with an age-associated linear slope of 4.6 mutations per year. Points represent individual tumors and shaded bands indicate uncertainty around the fitted regression lines.	d065cc5c5f705fd821d4b2f7c0b8885e702dc0dbb1b890e638713f07aca401e6
Extended Data Fig. 1	Extended Data Fig. 1		p0149	Extended Data Fig. 1: Genomic alteration burden across PTC WGS cohorts. Tumor mutation burden (TMB; mutations per megabase), percentage of genome altered (PGA), number of structural-variant (SV) events and number of transposable-element (TE) events across the three cohorts. SV and TE counts are shown on a log2 scale. Points represent individual tumors; box plots show the median (center line), interquartile range (box) and whiskers extending to 1.5× the interquartile range. FDR-adjusted P values for the indicated cohort comparisons are shown above brackets.	d065cc5c5f705fd821d4b2f7c0b8885e702dc0dbb1b890e638713f07aca401e6
Extended Data Fig. 2a	Extended Data Fig. 2	a	p0150	a, Associations of recurrent genomic alterations with MATH score within each cohort. The x axes show log2 fold changes in MATH between alteration-positive and alteration-negative tumors, and the y axes show −log10(P values); colours denote alteration type.	d065cc5c5f705fd821d4b2f7c0b8885e702dc0dbb1b890e638713f07aca401e6
Extended Data Fig. 2b	Extended Data Fig. 2	b	p0150	b, MATH score distributions stratified by TERT-promoter mutation, BRAF mutation, KRAS mutation and clonal 22q-loss status within each cohort. Points represent individual tumors; box plots show the median and interquartile range.	d065cc5c5f705fd821d4b2f7c0b8885e702dc0dbb1b890e638713f07aca401e6
Extended Data Fig. 3a	Extended Data Fig. 3	a	p0151	a,b, Variant-allele fraction and estimated cancer cell fraction (CCF), together with CCF distributions of fitted mutation clusters, for two representative PTC tumors. Colours distinguish inferred mutation clusters, and annotations indicate cluster CCFs and numbers of assigned mutations. | a, Example of a tumor with a predominantly clonal mutation burden (TCGA-EL-A3H3-01A-11D-A85S-36).	d065cc5c5f705fd821d4b2f7c0b8885e702dc0dbb1b890e638713f07aca401e6
Extended Data Fig. 3b	Extended Data Fig. 3	b	p0151	a,b, Variant-allele fraction and estimated cancer cell fraction (CCF), together with CCF distributions of fitted mutation clusters, for two representative PTC tumors. Colours distinguish inferred mutation clusters, and annotations indicate cluster CCFs and numbers of assigned mutations. | b, Example of a tumor with a mutation-rich subclonal population (TCGA-EM-A3FJ-01A-11D-A85U-36).	d065cc5c5f705fd821d4b2f7c0b8885e702dc0dbb1b890e638713f07aca401e6
Extended Data Fig. 4a	Extended Data Fig. 4	a	p0152	a, Estimated age at the most recent common ancestor (MRCA) in tumors classified as other, BRAF only, BRAF plus TERT-promoter mutation or TERT-promoter mutation only.	d065cc5c5f705fd821d4b2f7c0b8885e702dc0dbb1b890e638713f07aca401e6
Extended Data Fig. 4b	Extended Data Fig. 4	b	p0152	b, Age at diagnosis across the same groups. In a,b, points represent individual tumors and box plots show the median (center line), interquartile range (box) and whiskers extending to 1.5× the interquartile range; FDR-adjusted P values for the indicated pairwise comparisons are shown.	d065cc5c5f705fd821d4b2f7c0b8885e702dc0dbb1b890e638713f07aca401e6
Extended Data Fig. 4c	Extended Data Fig. 4	c	p0152	c, Prevalence of APOBEC mutagenesis across TERT-only, other, BRAF-only and BRAF plus TERT tumors. APOBEC mutagenesis was detected in 9.1%, 11.9%, 21.8% and 39.0% of tumors, respectively.	d065cc5c5f705fd821d4b2f7c0b8885e702dc0dbb1b890e638713f07aca401e6
Supplementary Fig. 1a	Supplementary Fig. 1	a	p0154	a–c, Genome-wide LogR, B-allele frequency (BAF), allele-specific absolute copy number and segment cancer cell fraction (CCF) for three representative tumors. Orange and green lines denote total and minor copy number of the major clone, respectively; additional colours indicate subclonal copy-number states. Sample-level purity, ploidy and percentage of genome altered are shown below each profile.	d065cc5c5f705fd821d4b2f7c0b8885e702dc0dbb1b890e638713f07aca401e6
Supplementary Fig. 1b	Supplementary Fig. 1	b	p0154	a–c, Genome-wide LogR, B-allele frequency (BAF), allele-specific absolute copy number and segment cancer cell fraction (CCF) for three representative tumors. Orange and green lines denote total and minor copy number of the major clone, respectively; additional colours indicate subclonal copy-number states. Sample-level purity, ploidy and percentage of genome altered are shown below each profile.	d065cc5c5f705fd821d4b2f7c0b8885e702dc0dbb1b890e638713f07aca401e6
Supplementary Fig. 1c	Supplementary Fig. 1	c	p0154	a–c, Genome-wide LogR, B-allele frequency (BAF), allele-specific absolute copy number and segment cancer cell fraction (CCF) for three representative tumors. Orange and green lines denote total and minor copy number of the major clone, respectively; additional colours indicate subclonal copy-number states. Sample-level purity, ploidy and percentage of genome altered are shown below each profile.	d065cc5c5f705fd821d4b2f7c0b8885e702dc0dbb1b890e638713f07aca401e6
Supplementary Fig. 2	Supplementary Fig. 2		p0155	Supplementary Fig. 2: Minimum detected CCF across genomic alteration groups. Density distributions of the minimum detected CCF across recurrent genomic alteration groups.	d065cc5c5f705fd821d4b2f7c0b8885e702dc0dbb1b890e638713f07aca401e6
Supplementary Fig. 3a	Supplementary Fig. 3	a	p0156	a, Associations of recurrent genomic alterations with MATH score within each cohort. The x axes show log2 fold changes in MATH between alteration-positive and alteration-negative tumors, and the y axes show −log10(P values). Colours denote alteration type; the horizontal dashed line denotes P = 0.05. Alterations with significant associations are labelled.	d065cc5c5f705fd821d4b2f7c0b8885e702dc0dbb1b890e638713f07aca401e6
Supplementary Fig. 3b	Supplementary Fig. 3	b	p0156	b, MATH score distributions stratified by TERT-promoter mutation, BRAF mutation, KRAS mutation and clonal 22q-loss status within each cohort. Violin plots show the distribution of MATH scores, with embedded box plots indicating the median and interquartile range.	d065cc5c5f705fd821d4b2f7c0b8885e702dc0dbb1b890e638713f07aca401e6
