keynote_slide	slide_id	object_id	object_type	parent_object_id	iwa_file	x	y	width	height	angle	text	data_id	original_plot_filename	package_file_name	is_preview
2	25658	1284252	3005		Index/Slide.iwa	40.79111099243164	613.658935546875	237.3626251220703	150.0	0.0		12521	Genome_landscape_exposed.pdf	Genome_landscape_exposed-12521.pdf	False
2	25658	1284252	3005		Index/Slide.iwa	40.79111099243164	613.658935546875	237.3626251220703	150.0	0.0		12522	Genome_landscape_exposed-small.png	Genome_landscape_exposed-small-12522.png	True
2	25658	1332658	3005		Index/Slide.iwa	396.56414794921875	350.03515625	120.0101318359375	120.0101318359375	0.0		12513	SV_circos_plot_exposed-small.png	SV_circos_plot_exposed-small-12513.png	True
2	25658	1332658	3005		Index/Slide.iwa	396.56414794921875	350.03515625	120.0101318359375	120.0101318359375	0.0		12512	SV_circos_plot_exposed.pdf	SV_circos_plot_exposed-12512.pdf	False
2	25658	1283038	3005		Index/Slide.iwa	343.0875244140625	40.56496810913086	157.47378540039062	157.4287567138672	0.0		12464	intogene_drivers3-small.png	intogene_drivers3-small-12464.png	True
2	25658	1283038	3005		Index/Slide.iwa	343.0875244140625	40.56496810913086	157.47378540039062	157.4287567138672	0.0		12463	intogene_drivers3.pdf	intogene_drivers3-12463.pdf	False
2	25658	1283987	3005		Index/Slide.iwa	43.565372467041016	236.0084991455078	345.291748046875	195.7401580810547	0.0		12498	ALL_Tumor_Recurrent_p1_combined.pdf	ALL_Tumor_Recurrent_p1_combined-12498.pdf	False
2	25658	1283987	3005		Index/Slide.iwa	43.565372467041016	236.0084991455078	345.291748046875	195.7401580810547	0.0		12499	ALL_Tumor_Recurrent_p1_combined-small.png	ALL_Tumor_Recurrent_p1_combined-small-12499.png	True
2	25658	1332655	3005		Index/Slide.iwa	396.56414794921875	206.9405059814453	120.0101318359375	120.0101318359375	0.0		12507	SV_circos_plot_thca-small.png	SV_circos_plot_thca-small-12507.png	True
2	25658	1332655	3005		Index/Slide.iwa	396.56414794921875	206.9405059814453	120.0101318359375	120.0101318359375	0.0		12506	SV_circos_plot_thca.pdf	SV_circos_plot_thca-12506.pdf	False
2	25658	1332654	3005		Index/Slide.iwa	474.9120788574219	275.0118408203125	120.0101318359375	120.0101318359375	0.0		12509	SV_circos_plot_unexposed.pdf	SV_circos_plot_unexposed-12509.pdf	False
2	25658	1332654	3005		Index/Slide.iwa	474.9120788574219	275.0118408203125	120.0101318359375	120.0101318359375	0.0		12510	SV_circos_plot_unexposed-small.png	SV_circos_plot_unexposed-small-12510.png	True
2	25658	1284253	3005		Index/Slide.iwa	44.45938491821289	438.59326171875	368.4716491699219	154.55337524414062	0.0		12524	Genome_landscape_tcga.pdf	Genome_landscape_tcga-12524.pdf	False
2	25658	1284253	3005		Index/Slide.iwa	44.45938491821289	438.59326171875	368.4716491699219	154.55337524414062	0.0		12525	Genome_landscape_tcga-small.png	Genome_landscape_tcga-small-12525.png	True
2	25658	1284251	3005		Index/Slide.iwa	278.9226379394531	613.658935546875	150.0	150.0	0.0		12528	Genome_landscape_chornobyl_unexposed-small.png	Genome_landscape_chornobyl_unexposed-small-12528.png	True
2	25658	1284251	3005		Index/Slide.iwa	278.9226379394531	613.658935546875	150.0	150.0	0.0		12527	Genome_landscape_chornobyl_unexposed.pdf	Genome_landscape_chornobyl_unexposed-12527.pdf	False
2	25658	1293023	3005		Index/Slide.iwa	94.39830780029297	44.27934646606445	175.1668701171875	150.0	0.0		12738	study2_overview-small.png	study2_overview-small-12738.png	True
2	25658	1293023	3005		Index/Slide.iwa	94.39830780029297	44.27934646606445	175.1668701171875	150.0	0.0		12737	study2_overview.pdf	study2_overview-12737.pdf	False
3	878187	1353120	3005		Index/Slide-878187.iwa	242.73963928222656	313.99249267578125	351.927490234375	234.61831665039062	0.0		13410	chr22q_del_clonality_alterations-small.png	chr22q_del_clonality_alterations-small-13410.png	True
3	878187	1353120	3005		Index/Slide-878187.iwa	242.73963928222656	313.99249267578125	351.927490234375	234.61831665039062	0.0		13409	chr22q_del_clonality_alterations.pdf	chr22q_del_clonality_alterations-13409.pdf	False
3	878187	1283257	3005		Index/Slide-878187.iwa	482.5306091308594	100.6889877319336	100.16239929199219	193.851318359375	0.0		12472	heatmap_all_segements_chr22qdel-small.png	heatmap_all_segements_chr22qdel-small-12472.png	True
3	878187	1283257	3005		Index/Slide-878187.iwa	482.5306091308594	100.6889877319336	100.16239929199219	193.851318359375	0.0		12471	heatmap_all_segements_chr22qdel.pdf	heatmap_all_segements_chr22qdel-12471.pdf	False
3	878187	1283562	3005		Index/Slide-878187.iwa	53.985416412353516	83.56145477294922	407.5740661621094	207.01829528808594	0.0		12484	TP_SCNA_Freq-small.png	TP_SCNA_Freq-small-12484.png	True
3	878187	1283562	3005		Index/Slide-878187.iwa	53.985416412353516	83.56145477294922	407.5740661621094	207.01829528808594	0.0		12483	TP_SCNA_Freq.pdf	TP_SCNA_Freq-12483.pdf	False
3	878187	1298923	3005		Index/Slide-878187.iwa	58.66586685180664	334.3760070800781	193.851318359375	193.851318359375	0.0		12491	TP_chr22q_del_subclone_frac.pdf	TP_chr22q_del_subclone_frac-12491.pdf	False
3	878187	1298923	3005		Index/Slide-878187.iwa	58.66586685180664	334.3760070800781	193.851318359375	193.851318359375	0.0		12492	TP_chr22q_del_subclone_frac-small.png	TP_chr22q_del_subclone_frac-small-12492.png	True
4	877857	1285891	3005		Index/Slide-877857.iwa	306.7383117675781	434.5381774902344	261.2989196777344	261.2989196777344	0.0		12584	drivers_number_subclones-small.png	drivers_number_subclones-small-12584.png	True
4	877857	1285891	3005		Index/Slide-877857.iwa	306.7383117675781	434.5381774902344	261.2989196777344	261.2989196777344	0.0		12583	drivers_number_subclones.pdf	drivers_number_subclones-12583.pdf	False
4	877857	1305537	3005		Index/Slide-877857.iwa	47.556026458740234	252.97396850585938	298.899658203125	191.80726623535156	0.0		12952	tp_tumor_hetrogenerity_math_ccf_drivers2_all.pdf	tp_tumor_hetrogenerity_math_ccf_drivers2_all-12952.pdf	False
4	877857	1305537	3005		Index/Slide-877857.iwa	47.556026458740234	252.97396850585938	298.899658203125	191.80726623535156	0.0		12953	tp_tumor_hetrogenerity_math_ccf_drivers2_all-small.png	tp_tumor_hetrogenerity_math_ccf_drivers2_all-small-12953.png	True
4	877857	1285819	3005		Index/Slide-877857.iwa	58.19697189331055	456.69549560546875	251.04122924804688	202.63417053222656	0.0		12576	NRPCC_threshold-small.png	NRPCC_threshold-small-12576.png	True
4	877857	1285819	3005		Index/Slide-877857.iwa	58.19697189331055	456.69549560546875	251.04122924804688	202.63417053222656	0.0		12575	NRPCC_threshold.pdf	NRPCC_threshold-12575.pdf	False
4	877857	1303194	3005		Index/Slide-877857.iwa	50.38068389892578	98.73335266113281	221.91061401367188	133.14637756347656	0.0		12921	tp_tumor_hetrogenerity_math_ccf2.pdf	tp_tumor_hetrogenerity_math_ccf2-12921.pdf	False
4	877857	1303194	3005		Index/Slide-877857.iwa	50.38068389892578	98.73335266113281	221.91061401367188	133.14637756347656	0.0		12922	tp_tumor_hetrogenerity_math_ccf2-small.png	tp_tumor_hetrogenerity_math_ccf2-small-12922.png	True
4	877857	1305162	3005		Index/Slide-877857.iwa	293.59942626953125	94.96653747558594	266.0744323730469	159.6446533203125	0.0		12947	tp_tumor_hetrogenerity_math_ccf_drivers_all-small.png	tp_tumor_hetrogenerity_math_ccf_drivers_all-small-12947.png	True
4	877857	1305162	3005		Index/Slide-877857.iwa	293.59942626953125	94.96653747558594	266.0744323730469	159.6446533203125	0.0		12946	tp_tumor_hetrogenerity_math_ccf_drivers_all.pdf	tp_tumor_hetrogenerity_math_ccf_drivers_all-12946.pdf	False
5	997193	1286060	3005		Index/Slide-997193.iwa	24.46942710876465	87.7485580444336	233.26202392578125	155.50799560546875	0.0		12596	TP_mutation_cluster_distribution.pdf	TP_mutation_cluster_distribution-12596.pdf	False
5	997193	1286060	3005		Index/Slide-997193.iwa	24.46942710876465	87.7485580444336	233.26202392578125	155.50799560546875	0.0		12597	TP_mutation_cluster_distribution-small.png	TP_mutation_cluster_distribution-small-12597.png	True
5	997193	1286112	3005		Index/Slide-997193.iwa	259.6122131347656	78.02930450439453	349.89300537109375	174.94650268554688	0.0		12603	TP_mutation_cluster_clonality-small.png	TP_mutation_cluster_clonality-small-12603.png	True
5	997193	1286112	3005		Index/Slide-997193.iwa	259.6122131347656	78.02930450439453	349.89300537109375	174.94650268554688	0.0		12602	TP_mutation_cluster_clonality.pdf	TP_mutation_cluster_clonality-12602.pdf	False
5	997193	1286201	3005		Index/Slide-997193.iwa	43.27211380004883	263.8848876953125	204.88877868652344	136.59251403808594	0.0		12612	TP_largesubclonal_association-small.png	TP_largesubclonal_association-small-12612.png	True
5	997193	1286201	3005		Index/Slide-997193.iwa	43.27211380004883	263.8848876953125	204.88877868652344	136.59251403808594	0.0		12611	TP_largesubclonal_association.pdf	TP_largesubclonal_association-12611.pdf	False
5	997193	1286256	3005		Index/Slide-997193.iwa	248.09732055664062	257.5019226074219	349.89300537109375	155.50799560546875	0.0		12618	TP_largesubclonal_association2-small.png	TP_largesubclonal_association2-small-12618.png	True
5	997193	1286256	3005		Index/Slide-997193.iwa	248.09732055664062	257.5019226074219	349.89300537109375	155.50799560546875	0.0		12617	TP_largesubclonal_association2.pdf	TP_largesubclonal_association2-12617.pdf	False
6	877692	1310742	3005		Index/Slide-877692.iwa	12.570415496826172	294.02301025390625	270.8067321777344	157.97059631347656	0.0		12625	TP_Latency_associaiton_exposure.pdf	TP_Latency_associaiton_exposure-12625.pdf	False
6	877692	1310742	3005		Index/Slide-877692.iwa	12.570415496826172	294.02301025390625	270.8067321777344	157.97059631347656	0.0		12626	TP_Latency_associaiton_exposure-small.png	TP_Latency_associaiton_exposure-small-12626.png	True
6	877692	1284819	3005		Index/Slide-877692.iwa	41.073760986328125	80.18231964111328	233.2988739013672	167.59536743164062	0.0		12536	TP_genomiclandscape_associaiton-small.png	TP_genomiclandscape_associaiton-small-12536.png	True
6	877692	1284819	3005		Index/Slide-877692.iwa	41.073760986328125	80.18231964111328	233.2988739013672	167.59536743164062	0.0		12535	TP_genomiclandscape_associaiton.pdf	TP_genomiclandscape_associaiton-12535.pdf	False
6	877692	1284892	3005		Index/Slide-877692.iwa	375.12939453125	189.16065979003906	160.0	105.13123321533203	0.0		12543	age_fusion.pdf	age_fusion-12543.pdf	False
6	877692	1284892	3005		Index/Slide-877692.iwa	375.12939453125	189.16065979003906	160.0	105.13123321533203	0.0		12544	age_fusion-small.png	age_fusion-small-12544.png	True
6	877692	1284891	3005		Index/Slide-877692.iwa	449.1280212402344	72.5775375366211	160.0	105.13123321533203	0.0		12547	age_braf-small.png	age_braf-small-12547.png	True
6	877692	1284891	3005		Index/Slide-877692.iwa	449.1280212402344	72.5775375366211	160.0	105.13123321533203	0.0		12546	age_braf.pdf	age_braf-12546.pdf	False
6	877692	1284893	3005		Index/Slide-877692.iwa	281.75030517578125	72.17646789550781	160.0	105.93338012695312	0.0		12550	age_tert-small.png	age_tert-small-12550.png	True
6	877692	1284893	3005		Index/Slide-877692.iwa	281.75030517578125	72.17646789550781	160.0	105.93338012695312	0.0		12549	age_tert.pdf	age_tert-12549.pdf	False
6	877692	1310743	3005		Index/Slide-877692.iwa	283.0618896484375	305.7311096191406	295.6336975097656	197.089111328125	0.0		12632	TP_latency_drivergenes_association.pdf	TP_latency_drivergenes_association-12632.pdf	False
6	877692	1310743	3005		Index/Slide-877692.iwa	283.0618896484375	305.7311096191406	295.6336975097656	197.089111328125	0.0		12633	TP_latency_drivergenes_association-small.png	TP_latency_drivergenes_association-small-12633.png	True
6	877692	1310744	3005		Index/Slide-877692.iwa	53.44852066040039	514.677978515625	295.6336669921875	197.089111328125	0.0		12639	TP_MRCA_drivergenes_association-small.png	TP_MRCA_drivergenes_association-small-12639.png	True
6	877692	1310744	3005		Index/Slide-877692.iwa	53.44852066040039	514.677978515625	295.6336669921875	197.089111328125	0.0		12638	TP_MRCA_drivergenes_association.pdf	TP_MRCA_drivergenes_association-12638.pdf	False
7	1288038	1288144	3005		Index/Slide-1288038.iwa	46.38351058959961	100.3957290649414	491.45318603515625	204.7721710205078	0.0		12646	tp_age_clock_mutation_acc-small.png	tp_age_clock_mutation_acc-small-12646.png	True
7	1288038	1288144	3005		Index/Slide-1288038.iwa	46.38351058959961	100.3957290649414	491.45318603515625	204.7721710205078	0.0		12645	tp_age_clock_mutation_acc.pdf	tp_age_clock_mutation_acc-12645.pdf	False
8	1041057	1298216	3005		Index/Slide-1041057.iwa	98.835205078125	96.4713134765625	414.32958984375	258.9559631347656	0.0		12845	TP_genomic_alterations2_final_tmp.pdf	TP_genomic_alterations2_final_tmp-12845.pdf	False
8	1041057	1298216	3005		Index/Slide-1041057.iwa	98.835205078125	96.4713134765625	414.32958984375	258.9559631347656	0.0		12846	TP_genomic_alterations2_final_tmp-small.png	TP_genomic_alterations2_final_tmp-small-12846.png	True
9	1066943	1300207	3005		Index/Slide-1066943.iwa	112.22015380859375	77.35079956054688	408.5846252441406	255.3654327392578	0.0		12560	tp_tumor_hetrogenerity_math_ccf_drivers.pdf	tp_tumor_hetrogenerity_math_ccf_drivers-12560.pdf	False
9	1066943	1300207	3005		Index/Slide-1066943.iwa	112.22015380859375	77.35079956054688	408.5846252441406	255.3654327392578	0.0		12561	tp_tumor_hetrogenerity_math_ccf_drivers-small.png	tp_tumor_hetrogenerity_math_ccf_drivers-small-12561.png	True
9	1066943	1324689	3005		Index/Slide-1066943.iwa	96.62489318847656	345.6085205078125	471.4073486328125	342.84173583984375	0.0		12567	tp_tumor_hetrogenerity_math_ccf_drivers2.pdf	tp_tumor_hetrogenerity_math_ccf_drivers2-12567.pdf	False
9	1066943	1324689	3005		Index/Slide-1066943.iwa	96.62489318847656	345.6085205078125	471.4073486328125	342.84173583984375	0.0		12568	tp_tumor_hetrogenerity_math_ccf_drivers2-small.png	tp_tumor_hetrogenerity_math_ccf_drivers2-small-12568.png	True
10	1322732	1322936	3005		Index/Slide-1322732.iwa	85.84619140625	331.9366455078125	412.11773681640625	154.5441436767578	0.0		13123	TCGA-EM-A3FJ-01A-11D-A85U-36_DPClust.pdf	TCGA-EM-A3FJ-01A-11D-A85U-36_DPClust-13123.pdf	False
10	1322732	1322936	3005		Index/Slide-1322732.iwa	85.84619140625	331.9366455078125	412.11773681640625	154.5441436767578	0.0		13124	TCGA-EM-A3FJ-01A-11D-A85U-36_DPClust-small.png	TCGA-EM-A3FJ-01A-11D-A85U-36_DPClust-small-13124.png	True
10	1322732	1323276	3005		Index/Slide-1322732.iwa	85.84619140625	109.28717803955078	412.11773681640625	154.5441436767578	0.0		13134	TCGA-EL-A3H3-01A-11D-A85S-36_DPClust-small.png	TCGA-EL-A3H3-01A-11D-A85S-36_DPClust-small-13134.png	True
10	1322732	1323276	3005		Index/Slide-1322732.iwa	85.84619140625	109.28717803955078	412.11773681640625	154.5441436767578	0.0		13133	TCGA-EL-A3H3-01A-11D-A85S-36_DPClust.pdf	TCGA-EL-A3H3-01A-11D-A85S-36_DPClust-13133.pdf	False
11	1326964	1327078	3005		Index/Slide-1326964.iwa	91.2845458984375	110.38246154785156	201.9415740966797	201.9415740966797	0.0		12654	TP_mrca_group_braf_tert.pdf	TP_mrca_group_braf_tert-12654.pdf	False
11	1326964	1327078	3005		Index/Slide-1326964.iwa	91.2845458984375	110.38246154785156	201.9415740966797	201.9415740966797	0.0		12655	TP_mrca_group_braf_tert-small.png	TP_mrca_group_braf_tert-small-12655.png	True
11	1326964	1327076	3005		Index/Slide-1326964.iwa	84.64168548583984	364.90167236328125	201.9415740966797	201.9415740966797	0.0		12662	tp_apobec_braf_tert.pdf	tp_apobec_braf_tert-12662.pdf	False
11	1326964	1327076	3005		Index/Slide-1326964.iwa	84.64168548583984	364.90167236328125	201.9415740966797	201.9415740966797	0.0		12663	tp_apobec_braf_tert-small.png	tp_apobec_braf_tert-small-12663.png	True
11	1326964	1327077	3005		Index/Slide-1326964.iwa	292.0829772949219	108.0404052734375	206.6256866455078	206.6256866455078	0.0		12671	age_tert_braf.pdf	age_tert_braf-12671.pdf	False
11	1326964	1327077	3005		Index/Slide-1326964.iwa	292.0829772949219	108.0404052734375	206.6256866455078	206.6256866455078	0.0		12672	age_tert_braf-small.png	age_tert_braf-small-12672.png	True
12	878682	1300928	3005		Index/Slide-878682.iwa	152.8299102783203	59.458984375	312.8825988769531	223.48756408691406	0.0		12889	TCGA-BJ-A2P4-01A-11D-A85F-36_SCNA.pdf	TCGA-BJ-A2P4-01A-11D-A85F-36_SCNA-12889.pdf	False
12	878682	1300928	3005		Index/Slide-878682.iwa	152.8299102783203	59.458984375	312.8825988769531	223.48756408691406	0.0		12890	TCGA-BJ-A2P4-01A-11D-A85F-36_SCNA-small.png	TCGA-BJ-A2P4-01A-11D-A85F-36_SCNA-small-12890.png	True
12	878682	1301817	3005		Index/Slide-878682.iwa	149.64134216308594	297.29400634765625	319.2597351074219	228.0426788330078	0.0		12900	TCGA-DJ-A2PS-01A-11D-A85G-36_SCNA-small.png	TCGA-DJ-A2PS-01A-11D-A85G-36_SCNA-small-12900.png	True
12	878682	1301817	3005		Index/Slide-878682.iwa	149.64134216308594	297.29400634765625	319.2597351074219	228.0426788330078	0.0		12899	TCGA-DJ-A2PS-01A-11D-A85G-36_SCNA.pdf	TCGA-DJ-A2PS-01A-11D-A85G-36_SCNA-12899.pdf	False
12	878682	1302065	3005		Index/Slide-878682.iwa	149.64132690429688	537.4066162109375	319.259765625	228.0426788330078	0.0		12906	TCGA-BJ-A3PT-01A-12D-A85F-36_SCNA.pdf	TCGA-BJ-A3PT-01A-12D-A85F-36_SCNA-12906.pdf	False
12	878682	1302065	3005		Index/Slide-878682.iwa	149.64132690429688	537.4066162109375	319.259765625	228.0426788330078	0.0		12907	TCGA-BJ-A3PT-01A-12D-A85F-36_SCNA-small.png	TCGA-BJ-A3PT-01A-12D-A85F-36_SCNA-small-12907.png	True
13	1021199	1298277	3005		Index/Slide-1021199.iwa	73.23539733886719	82.958740234375	465.5292053222656	258.6273498535156	0.0		12590	drivers_minCCF.pdf	drivers_minCCF-12590.pdf	False
13	1021199	1298277	3005		Index/Slide-1021199.iwa	73.23539733886719	82.958740234375	465.5292053222656	258.6273498535156	0.0		12591	drivers_minCCF-small.png	drivers_minCCF-small-12591.png	True
14	1021877	1305630	3005		Index/Slide-1021877.iwa	128.5489044189453	80.49988555908203	331.28131103515625	207.05084228515625	0.0		12560	tp_tumor_hetrogenerity_math_ccf_drivers.pdf	tp_tumor_hetrogenerity_math_ccf_drivers-12560.pdf	False
14	1021877	1305630	3005		Index/Slide-1021877.iwa	128.5489044189453	80.49988555908203	331.28131103515625	207.05084228515625	0.0		12561	tp_tumor_hetrogenerity_math_ccf_drivers-small.png	tp_tumor_hetrogenerity_math_ccf_drivers-small-12561.png	True
14	1021877	1305631	3005		Index/Slide-1021877.iwa	128.5489044189453	300.21484375	365.8763427734375	266.0919189453125	0.0		12567	tp_tumor_hetrogenerity_math_ccf_drivers2.pdf	tp_tumor_hetrogenerity_math_ccf_drivers2-12567.pdf	False
14	1021877	1305631	3005		Index/Slide-1021877.iwa	128.5489044189453	300.21484375	365.8763427734375	266.0919189453125	0.0		12568	tp_tumor_hetrogenerity_math_ccf_drivers2-small.png	tp_tumor_hetrogenerity_math_ccf_drivers2-small-12568.png	True
