keynote_slide	slide_id	object_id	object_type	parent_object_id	iwa_file	x	y	width	height	angle	text
2	25658	38944	2011		Index/Slide.iwa	44.77383804321289	19.689342498779297	55.900001525878906	26.046875	0.0	Fig. 1
2	25658	38961	2011		Index/Slide.iwa	43.10264587402344	59.09513473510742	21.671327590942383	26.046875	0.0	a
2	25658	38954	2011		Index/Slide.iwa	313.7091369628906	59.09513473510742	21.671327590942383	26.046875	0.0	b
2	25658	38950	2011		Index/Slide.iwa	43.10264587402344	209.07513427734375	21.671327590942383	26.046875	0.0	c
2	25658	52673	2011		Index/Slide.iwa	396.56414794921875	215.645263671875	21.671327590942383	26.046875	0.0	d
2	25658	440460	2011		Index/Slide.iwa	396.56414794921875	356.6549377441406	21.671327590942383	26.046875	0.0	f
2	25658	932810	2011		Index/Slide.iwa	465.6953125	321.99346923828125	21.671327590942383	26.046875	0.0	e
2	25658	1220114	2011		Index/Slide.iwa	48.06636428833008	629.7743530273438	21.671327590942383	26.046875	0.0	h
2	25658	1311822	2011		Index/Slide.iwa	48.06636428833008	455.68280029296875	21.671327590942383	26.046875	0.0	g
2	25658	1311938	2011		Index/Slide.iwa	272.04827880859375	629.7743530273438	21.671327590942383	26.046875	0.0	i
3	878187	878210	2011		Index/Slide-878187.iwa	44.77383804321289	19.022676467895508	55.900001525878906	26.046875	0.0	Fig. 2
3	878187	878221	2011		Index/Slide-878187.iwa	45.58461380004883	76.18800354003906	21.671327590942383	26.046875	0.0	a
3	878187	878254	2011		Index/Slide-878187.iwa	465.374755859375	76.18800354003906	21.671327590942383	26.046875	0.0	b
3	878187	878248	2011		Index/Slide-878187.iwa	45.58461380004883	329.0716552734375	21.671327590942383	26.046875	0.0	c
3	878187	878204	2011		Index/Slide-878187.iwa	269.0130920410156	329.0716552734375	21.671327590942383	26.046875	0.0	d
4	877857	877880	2011		Index/Slide-877857.iwa	44.77383804321289	19.689342498779297	55.900001525878906	26.046875	0.0	Fig. 3
4	877857	877891	2011		Index/Slide-877857.iwa	61.88817596435547	63.98963165283203	21.671327590942383	26.046875	0.0	a
4	877857	877924	2011		Index/Slide-877857.iwa	295.1643371582031	72.35162353515625	21.671327590942383	26.046875	0.0	b
4	877857	877874	2011		Index/Slide-877857.iwa	47.734474182128906	443.7173767089844	21.671327590942383	26.046875	0.0	d
4	877857	1314974	2011		Index/Slide-877857.iwa	47.734474182128906	260.3425598144531	21.671327590942383	26.046875	0.0	c
4	877857	877901	2011		Index/Slide-877857.iwa	298.9736022949219	443.7173767089844	21.671327590942383	26.046875	0.0	e
5	997193	1317724	3008		Index/Slide-997193.iwa	53.88825225830078	434.3910217285156	214.76773071289062	75.7483901977539	0.0	""
5	997193	1317758	2011	1317724	Index/Slide-997193.iwa	76.55949401855469	471.1180191040039	34.66143798828125	17.329069137573242	0.0	BRAF
5	997193	1317725	3008	1317724	Index/Slide-997193.iwa	53.88825225830078	434.3910217285156	214.76773071289062	75.7483901977539	0.0	""
5	997193	1317770	2011	1317725	Index/Slide-997193.iwa	129.29217529296875	494.9092674255371	30.578580856323242	4.95698881149292	340.0	""
5	997193	1317774	2011	1317725	Index/Slide-997193.iwa	63.131534576416016	486.4887886047363	63.7629508972168	7.156466960906982	0.0	""
5	997193	1317790	2011	1317725	Index/Slide-997193.iwa	53.88825225830078	484.21187591552734	11.710274696350098	11.710274696350098	0.0	""
5	997193	1317825	2011	1317725	Index/Slide-997193.iwa	127.54881286621094	462.69832038879395	136.27987670898438	3.2865734100341797	20.0	""
5	997193	1317817	2011	1317725	Index/Slide-997193.iwa	123.10231018066406	484.21187591552734	11.710274696350098	11.710274696350098	0.0	""
5	997193	1317755	2011	1317725	Index/Slide-997193.iwa	256.9457015991211	434.3910217285156	11.710274696350098	11.710274696350098	0.0	""
5	997193	1317809	2011	1317725	Index/Slide-997193.iwa	158.03648376464844	498.4291305541992	11.710274696350098	11.710274696350098	0.0	""
5	997193	1317804	2011	1317724	Index/Slide-997193.iwa	117.28058624267578	448.8407335281372	126.20079040527344	22.156341552734375	20.0	chr22q subclone deletion
5	997193	1317726	3008		Index/Slide-997193.iwa	50.74207305908203	525.0567016601562	222.51809692382812	56.54899597167969	0.0	""
5	997193	1317759	2011	1317726	Index/Slide-997193.iwa	200.62256622314453	563.8338966369629	44.36561965942383	5.198747634887695	340.0	""
5	997193	1317819	2011	1317726	Index/Slide-997193.iwa	60.22421932220459	552.9766540527344	136.23806762695312	7.341403961181641	0.0	""
5	997193	1317745	2011	1317726	Index/Slide-997193.iwa	50.74207305908203	550.6409015655518	12.012889862060547	12.012889862060547	0.0	""
5	997193	1317811	2011	1317726	Index/Slide-997193.iwa	201.46016693115234	541.0743408203125	66.67922973632812	3.428475856781006	20.0	""
5	997193	1317739	2011	1317726	Index/Slide-997193.iwa	194.68407440185547	550.6409015655518	12.012889862060547	12.012889862060547	0.0	""
5	997193	1317729	2011	1317726	Index/Slide-997193.iwa	261.2472915649414	525.0567016601562	12.012889862060547	12.012889862060547	0.0	""
5	997193	1317732	2011	1317726	Index/Slide-997193.iwa	233.63040924072266	566.928092956543	12.012889862060547	12.012889862060547	0.0	""
5	997193	1317749	2011	1317726	Index/Slide-997193.iwa	32.17282676696777	534.4240779876709	199.93374633789062	14.729001998901367	0.0	KRAS/TERT/Fusion/chr22q clonal deletion
5	997193	1317756	2011	1317726	Index/Slide-997193.iwa	90.87823104858398	564.1416168212891	57.86072540283203	14.729001998901367	0.0	BRAF+TERT
5	997193	1103361	2011		Index/Slide-997193.iwa	44.77383804321289	19.689342498779297	55.900001525878906	26.046875	0.0	Fig. 4
5	997193	1104338	2011		Index/Slide-997193.iwa	38.72752380371094	47.456298828125	21.671327590942383	26.046875	0.0	a
5	997193	1104320	2011		Index/Slide-997193.iwa	313.5679626464844	47.456298828125	21.671327590942383	26.046875	0.0	b
5	997193	1104335	2011		Index/Slide-997193.iwa	26.47111701965332	257.5019226074219	21.671327590942383	26.046875	0.0	c
5	997193	1104330	2011		Index/Slide-997193.iwa	242.8655548095703	257.5019226074219	21.671327590942383	26.046875	0.0	d
5	997193	1104345	2011		Index/Slide-997193.iwa	32.17790603637695	442.5501708984375	21.671327590942383	26.046875	0.0	e
6	877692	877715	2011		Index/Slide-877692.iwa	44.77383804321289	19.689342498779297	55.900001525878906	26.046875	0.0	Fig. 5
6	877692	877726	2011		Index/Slide-877692.iwa	33.47821044921875	62.98787307739258	21.671327590942383	26.046875	0.0	a
6	877692	877759	2011		Index/Slide-877692.iwa	260.8033447265625	62.98787307739258	21.671327590942383	26.046875	0.0	b
6	877692	877753	2011		Index/Slide-877692.iwa	438.4272766113281	62.98787307739258	21.671327590942383	26.046875	0.0	c
6	877692	877709	2011		Index/Slide-877692.iwa	359.2114562988281	189.16065979003906	21.671327590942383	26.046875	0.0	d
6	877692	1275450	2011		Index/Slide-877692.iwa	28.102645874023438	305.34271240234375	21.671327590942383	26.046875	0.0	e
6	877692	1276807	2011		Index/Slide-877692.iwa	284.5372009277344	305.34271240234375	21.671327590942383	26.046875	0.0	f
6	877692	1276884	2011		Index/Slide-877692.iwa	33.47821044921875	504.8923645019531	21.671327590942383	26.046875	0.0	g
7	1288038	1320596	2011		Index/Slide-1288038.iwa	44.77383804321289	19.689342498779297	55.900001525878906	26.046875	0.0	Fig. 6
7	1288038	1342373	2011		Index/Slide-1288038.iwa	52.28098678588867	78.15139770507812	21.671327590942383	26.046875	0.0	a
7	1288038	1342377	2011		Index/Slide-1288038.iwa	279.6061096191406	78.15139770507812	21.671327590942383	26.046875	0.0	b
8	1041057	1043147	2011		Index/Slide-1041057.iwa	44.77383804321289	19.689342498779297	220.30104064941406	26.046875	0.0	Extended Data Fig. 1
9	1066943	1067797	2011		Index/Slide-1066943.iwa	44.77383804321289	19.689342498779297	220.30104064941406	26.046875	0.0	Extended Data Fig. 2
9	1066943	1069887	2011		Index/Slide-1066943.iwa	81.77428436279297	89.60831451416016	21.671327590942383	26.046875	0.0	a
9	1066943	1069898	2011		Index/Slide-1066943.iwa	81.77428436279297	360.0169372558594	21.671327590942383	26.046875	0.0	b
10	1322732	1323026	2011		Index/Slide-1322732.iwa	44.77383804321289	19.689342498779297	220.30104064941406	26.046875	0.0	Extended Data Fig. 3
10	1322732	1323557	2011		Index/Slide-1322732.iwa	74.60686492919922	91.1375961303711	21.671327590942383	26.046875	0.0	a
10	1322732	1323559	2011		Index/Slide-1322732.iwa	74.60686492919922	297.42437744140625	21.671327590942383	26.046875	0.0	b
10	1322732	1344668	2011		Index/Slide-1322732.iwa	306.0	86.66402435302734	0.0	0.0	0.0	TCGA-EL-A3H3-01A-11D-A85S-36
10	1322732	1344924	2011		Index/Slide-1322732.iwa	283.90045166015625	310.44781494140625	0.0	0.0	0.0	TCGA-EM-A3FJ-01A-11D-A85U-36
11	1326964	1327134	2011		Index/Slide-1326964.iwa	44.77383804321289	19.689342498779297	220.30104064941406	26.046875	0.0	Extended Data Fig. 4
11	1326964	1347193	2011		Index/Slide-1326964.iwa	68.11053466796875	88.07384490966797	21.671327590942383	26.046875	0.0	a
11	1326964	1347196	2011		Index/Slide-1326964.iwa	283.50018310546875	88.07384490966797	21.671327590942383	26.046875	0.0	b
11	1326964	1347191	2011		Index/Slide-1326964.iwa	68.11053466796875	360.43585205078125	21.671327590942383	26.046875	0.0	c
12	878682	878705	2011		Index/Slide-878682.iwa	44.77383804321289	19.689342498779297	171.33554077148438	26.046875	0.0	Supplementary Fig. 1
12	878682	878716	2011		Index/Slide-878682.iwa	123.16348266601562	74.44683074951172	21.671327590942383	26.046875	0.0	a
12	878682	878749	2011		Index/Slide-878682.iwa	123.16348266601562	309.7886962890625	21.671327590942383	26.046875	0.0	b
12	878682	878743	2011		Index/Slide-878682.iwa	123.16348266601562	555.5086669921875	21.671327590942383	26.046875	0.0	c
13	1021199	1021376	2011		Index/Slide-1021199.iwa	44.77383804321289	19.689342498779297	171.33554077148438	26.046875	0.0	Supplementary Fig. 2
14	1021877	1022911	2011		Index/Slide-1021877.iwa	44.77383804321289	19.689342498779297	171.33554077148438	26.046875	0.0	Supplementary Fig. 3
14	1021877	1350103	2011		Index/Slide-1021877.iwa	123.16348266601562	74.44683074951172	21.671327590942383	26.046875	0.0	a
14	1021877	1350102	2011		Index/Slide-1021877.iwa	123.16348266601562	309.7886962890625	21.671327590942383	26.046875	0.0	b
