source_script	sha256	line_count
A3AB.R	3e09ea4a24ec5f1359a6fb67c71c7af6f4e8a08c45bd8f58b51850c2c33ec797	197
HLALOH/HLALOH.R	e96d80674457e22217c7629c98e180ff52824ce8c8696adac71006229f70410c	136
HLA_TP.R	be730179762ebff4b2314910d62549505d60f77b536743721c8ac5369cb69bad	363
InDel89_Visualization.R	ff86df422ff8d390019b5fd09f98d4c62a8813b5ef0ad5fdc59f8c409df1e18f	217
Intogene_drivers.R	09542f0be755ac59d6ce70b7e9dbdaf11fa357e1918d41b3770bd68621ddd72c	128
Manta_BreakPoints.R	129b0fa7a2158616b3ce7a79f41650ae7ab347a9478ff50e676298916448a325	134
Meerkat/SV_circosplot.R	20f44c35e5ff380cdb3612e9d00dd11026cdb874d02cdb1a0c308e4db52bc659	41
Meerkat/meerkat_tp.R	9eb3570d20199665b3ed7433a1f091603ac22cc5fd22b779230206315aee10c6	529
Meerkat/meerkat_tp_fusions.R	54e92a4f5f30454c08c50b2f093836f02f6f4c94c7865d813aa3762492e49198	125
Recalling.R	99a40024e6e3a96a7e8d605a819b12ce4312cc002ff63a73c3670dc00acccb66	99
Recurrent_SV_Plot.R	6b610e9e45f46a1d723a0506213b6de475b0697e3ba475d84008a43b15d88bef	179
Segmented_breakpoint_analysis.R	dea960ce9fb726bf1c1442623a8084965bad5bfef3278c10d20d3a41f050b0e2	124
TE-TraFic/trafic.R	0c9cd3a7ca99722f0a2d65c11b3396fda202f36370e7d5d7bf7a1266ff3c0ce1	441
TP_Comparision.R	7d41dd36379eadad5d72914b967f21475005bdd3f36ce91b4543383b456595cf	3568
TP_Mutational_Signatures.R	178afc80faad9862945fe925905b315f77449658705310b29d990c44818354ec	1066
TP_Signature_CompareMSA.R	60e9f4c12734a05270ba4e44ff4c8a06011da55215abe842be0dd629d6b169bf	92
TP_bb_heatmap.R	f54f2d34cfbf1cb1dc677b8997a36d7aac2a4c4fa5a2ab091768e18a01cbedec	591
TP_bb_heatmap_freq.R	e1a55e687590cbe1b3ed0ff6416a02948d02555b5892924f26fa863da3072f04	540
Timming_Exposure_MRCA.R	77a2c525e27655471dc5d753dc1bf3d7749f8b61239ddacb63123fd7fb12c336	336
Tumor_Initation_baseline.R	887c3034de8ba35bf8a991625ac055232ebdca9009b5c3759a9a64c2f67c6776	76
WGS_data_prepare.R	a9d7a1c280133171de9efca478c23c26e802730bf41af68e78a9d3dc1be5170b	659
ecDNA/ecDNA.R	b4a3a8fe113947fe64ade342f35803afa818063f40005316f9d0489d5e37a868	175
excluderanges.R	03cf22043882d2b1b004600748c2809592867bde9d96951528d34ebeef955ed5	43
maftools.R	36923bc242b8b7341b7dba18ce2b4083628e9eac07dc5819ae8a9f1a501efca3	494
oncoplot_revised.R	da32d36344f2620aacd7ffcf328fdb2b4f3549d28e28a25d3fecaf479c3458f3	271
thyroid_evolution_analysis/MutationTime_Analysis_thyroid.R	22bea6b307e69c7e6a5aa5ac5908d1f898e0c3918798ea7e5502966eeb4e672c	1476
tumor_initiation.R	ceea91aa005a3bd58079febd77d5e71063fc228df734ce40c180dedf4e050151	79
