Package	Version	Priority	Built
backports	1.5.0		4.5.0
base64enc	0.1-6		4.5.2
beeswarm	0.4.0		4.5.0
BiocGenerics	0.56.0		4.5.1
bit	4.6.0		4.5.0
bit64	4.6.0-1		4.5.0
broom	1.0.12		4.5.2
bslib	0.10.0		4.5.2
cachem	1.1.0		4.5.0
cli	3.6.5		4.5.0
clipr	0.8.0		4.5.0
commonmark	2.0.0		4.5.0
cowplot	1.2.0		4.5.0
cpp11	0.5.3		4.5.2
crayon	1.5.3		4.5.0
curl	7.0.0		4.5.0
digest	0.6.39		4.5.2
dplyr	1.2.0		4.5.2
evaluate	1.0.5		4.5.0
extrafont	0.20		4.5.0
extrafontdb	1.1		4.5.0
farver	2.1.2		4.5.0
fastmap	1.2.0		4.5.0
fontawesome	0.5.3		4.5.0
fontBitstreamVera	0.1.1		4.5.0
fontLiberation	0.1.0		4.5.0
fontquiver	0.2.1		4.5.0
fs	2.0.1		4.5.2
gdtools	0.5.0		4.5.2
generics	0.1.4		4.5.0
GenomicRanges	1.62.1		4.5.2
ggbeeswarm	0.7.3		4.5.2
ggplot2	4.0.3		4.5.2
ggtext	0.1.2		4.5.0
glue	1.8.0		4.5.0
graphics	4.5.1	base	4.5.1
grDevices	4.5.1	base	4.5.1
grid	4.5.1	base	4.5.1
gridtext	0.1.6		4.5.2
gtable	0.3.6		4.5.0
highr	0.12		4.5.2
hms	1.1.4		4.5.0
hrbrthemes	0.9.2		4.5.1
htmltools	0.5.9		4.5.2
IRanges	2.44.0		4.5.1
isoband	0.3.0		4.5.2
jpeg	0.1-11		4.5.0
jquerylib	0.1.4		4.5.0
jsonlite	2.0.0		4.5.0
knitr	1.51		4.5.2
labeling	0.4.3		4.5.0
lattice	0.22-9	recommended	4.5.2
lifecycle	1.0.5		4.5.2
litedown	0.9		4.5.2
magrittr	2.0.4		4.5.0
markdown	2.0		4.5.0
Matrix	1.7-5	recommended	4.5.2
memoise	2.0.1		4.5.0
methods	4.5.1	base	4.5.1
mime	0.13		4.5.0
nnet	7.3-20	recommended	4.5.1
patchwork	1.3.2		4.5.0
pillar	1.11.1		4.5.0
pkgconfig	2.0.3		4.5.0
png	0.1-9		4.5.2
prettyunits	1.2.0		4.5.0
progress	1.2.3		4.5.0
purrr	1.2.1		4.5.2
R6	2.6.1		4.5.0
rappdirs	0.3.4		4.5.2
RColorBrewer	1.1-3		4.5.0
Rcpp	1.1.1		4.5.2
readr	2.2.0		4.5.2
rlang	1.1.7		4.5.2
rmarkdown	2.31		4.5.2
Rttf2pt1	1.3.14		4.5.0
S4Vectors	0.48.0		4.5.1
S7	0.2.1		4.5.2
sass	0.4.10		4.5.0
scales	1.4.0		4.5.0
Seqinfo	1.0.0		4.5.1
splines	4.5.1	base	4.5.1
stats	4.5.1	base	4.5.1
stats4	4.5.1	base	4.5.1
stringi	1.8.7		4.5.0
stringr	1.6.0		4.5.0
survival	3.8-6	recommended	4.5.2
systemfonts	1.3.2		4.5.2
tibble	3.3.1		4.5.2
tidyr	1.3.2		4.5.2
tidyselect	1.2.1		4.5.0
tinytex	0.59		4.5.2
tools	4.5.1	base	4.5.1
tzdb	0.5.0		4.5.0
utf8	1.2.6		4.5.0
utils	4.5.1	base	4.5.1
vctrs	0.7.2		4.5.2
vipor	0.4.7		4.5.0
viridisLite	0.4.3		4.5.2
vroom	1.7.0		4.5.2
withr	3.0.2		4.5.0
xfun	0.57		4.5.2
xml2	1.5.2		4.5.2
yaml	2.3.12		4.5.2
