source_relative_path	sha256
manuscript/main_figure_captions.txt	4681b28f4d1bb5b0090ed34380e027d8d52a2fd2eef88850d36c5c7efd19927b
manuscript/revision_2026-09-30_figure_dimensions/staging/panels/M2_a_plotted_values.tsv	3a4c73978e0c06ca7260ed9db664463272a5654ecc72c0f70bbb2e57a36cb248
manuscript/revision_2026-09-30_figure_dimensions/staging/panels/M2_b_plotted_values.tsv	027c4d978dd12ae375090406fff9af88c6d73f1c76f287d84f3e86af7f1a9645
manuscript/revision_2026-09-30_figure_refinement/staging/derived/M1_a_event_labels.tsv	ce277ff6bffacabbfcfbdff86fd1b64ae65b497f603c66bc2d42e853c6d54a98
manuscript/revision_2026-09-30_figure_refinement/staging/derived/M1_a_ordering.tsv	05cabe2dac4a2acdfa74a96693bd3719cafc4756430baa7c72d5301d0bab2437
manuscript/revision_2026-09-30_figure_refinement/staging/derived/M1_a_violin.tsv	032feb03e074cfc35ec7d0217b920f25c173c0a97dfdd21a7c76fcfc5e7dde0e
manuscript/revision_2026-09-30_figure_refinement/staging/derived/M1_b_event_labels.tsv	ca196ba1821bedd493d18e166834cd1fb977a885c42228f19cfb6e31060439ea
manuscript/revision_2026-09-30_figure_refinement/staging/derived/M1_b_ordering.tsv	579903570bdc851e4023aecb06081a58f8584e7978d060a90787382e81acf915
manuscript/revision_2026-09-30_figure_refinement/staging/derived/M1_b_violin.tsv	2fdc70cc83c633ee5510b2a43b633e34d9406731327f9a10e600fd13e72e33c6
manuscript/revision_2026-09-30_figure_refinement/staging/derived/M1_c_event_labels.tsv	d1ac2bbb18bf22d03ab59c36d153db91daaaf7aec172fbf377baad410e6a9963
manuscript/revision_2026-09-30_figure_refinement/staging/derived/M1_c_ordering.tsv	44923c60c764f7eb2b7dc13dac5d248915feec4b11a4f449876c9cc8119176e7
manuscript/revision_2026-09-30_figure_refinement/staging/derived/M1_c_violin.tsv	38e02d5220cbf768c3544ebe48343e693edac7ebef5a0aad2173c78e5d0c6bcf
manuscript/revision_2026-09-30_figure_refinement/staging/derived/M1_d_event_labels.tsv	a0283bdddf8c20e23331ca63219f25306a62353c5521b36d9d474b869baff0d8
manuscript/revision_2026-09-30_figure_refinement/staging/derived/M1_d_ordering.tsv	058af4ff0e7f1cde82c0046a759fa32de49e2da1cf2ce669ac5575ec053e91e8
manuscript/revision_2026-09-30_figure_refinement/staging/derived/M1_d_violin.tsv	8205650e3c8fc56e2f71fbecd838859e38987e0c7af1660c21decf307b7f1c37
manuscript/revision_2026-09-30_figure_refinement/staging/derived/M1_e_subtype_composition_display.tsv	b2276815aadeba08aaa2110599da693ecd641f34572821411ba8a9173263678e
manuscript/revision_2026-09-30_figure_refinement/staging/derived/M1_f_size_encoding.tsv	a0508abc0d8d0ffa9833c0c2a70ab6d603c73db2c4787cc288b8d75dbb70d438
manuscript/revision_2026-09-30_figure_refinement/staging/derived/M1_group_specific_event_selection.tsv	899a7814c0e743291df2a0f2326cfc8f99f039f94244673b4d2edb38ceca43ed
manuscript/revision_2026-09-30_figure_refinement/staging/derived/M1_group_specific_shared_event_matches.tsv	295530bce4699ee05e9de4147ece39b1568ba932674c1276190307114bc0d4b8
manuscript/revision_2026-09-30_figure_refinement/staging/derived/M2_a_event_labels.tsv	fc306af39f6f96c38b8b49a6a2d537a3048873e2e1a2212c58a4f930f6f40b5b
manuscript/revision_2026-09-30_figure_refinement/staging/derived/M2_a_ordering.tsv	8e5bf793bf9c200d0979e22980e429922e8a6fd7366fe996f2c4fd8dee473cd2
manuscript/revision_2026-09-30_figure_refinement/staging/derived/M2_a_violin.tsv	1dc174f3d9bbbbc5dfa33857dfe28761aceb8ac06e9a50a011f9ae54ec769355
manuscript/revision_2026-09-30_figure_refinement/staging/derived/M2_b_event_labels.tsv	6d77a963937de032b6213c0a615efb736c0a965de326ffc46e74a52cc6a2a286
manuscript/revision_2026-09-30_figure_refinement/staging/derived/M2_b_ordering.tsv	d96243b993fdaeac7c924000b885c2bfa17288c811a582590ebca1366f422401
manuscript/revision_2026-09-30_figure_refinement/staging/derived/M2_b_violin.tsv	543d90abd519cdb7b309b49cab602e13b271f8d9d6d457ec5b97d6d0d21d0915
manuscript/revision_2026-09-30_figure_refinement/staging/derived/M2_c_curve_values.tsv	72488e871e84faf17c590136dc6dd87e8289c3816fd74927bc311a56d9817a4a
manuscript/revision_2026-09-30_figure_refinement/staging/derived/M2_c_risk_counts.tsv	126fefd541fac7ad6e73731ab05f82872137ef30d5896b1f74ce3af29e8944b3
manuscript/revision_2026-09-30_figure_refinement/staging/derived/M2_d_display_contrasts.tsv	940cbb8e302263162de2fb85815a8b17b7fae0ab4c6d8f4a107daf10cd58ca3c
manuscript/revision_2026-09-30_figure_refinement/staging/derived/M2_e_CIC_event_summary.tsv	49fda7b98a368a9f33430a4bc14b9b146c8261c5722075d206a0a7d8fa03c8e9
manuscript/revision_2026-09-30_figure_refinement/staging/derived/M2_e_CIC_retained_regions.tsv	0ab965564df3d50d5796d8832f0db38494774b1b6a547f9713fd9e3221ff30a4
manuscript/revision_2026-09-30_figure_refinement/staging/derived/M2_e_CIC_specimen_calls.tsv	d1a3be413254439c8ca77710523de7c070d7c1d6625ff21d932b11759e7adfe2
manuscript/revision_2026-09-30_figure_refinement/staging/derived/M2_e_changed_cells.tsv	f588707591b3ba4fd16e8291b627b29b285eec38d61d39f9f0fa09a8b7f88568
manuscript/revision_2026-09-30_figure_refinement/staging/derived/M2_e_copy_number_calls.tsv	24049af4a1ec0eb32843ced6fea8c258a504e1b32610a3811292337c1eb69288
manuscript/revision_2026-09-30_figure_refinement/staging/derived/M2_e_plotted_cells.tsv	8a3ea3c5970c51308f887ede9583f83bbe0eb709690fea0ff3eae1f7e7e8bbc8
manuscript/revision_2026-09-30_figure_refinement/staging/derived/M2_e_sample_order.tsv	720650d70f91b8ffdf7c88f46c8be2320a7f641102dafb356deea71cf66ee6cc
manuscript/revision_2026-09-30_figure_refinement/staging/derived/M2_f_saved_model_predictions.tsv	52cde3b17cbdc3df8b7930db73a41f5125c7120101956587204d7d02a75f4ec5
manuscript/revision_2026-09-30_figure_refinement/staging/derived/M4_a_event_labels.tsv	1147911fa0507e4b61db113b9072d3cc2b6cdd0e79f1966e740d25e84d80832c
manuscript/revision_2026-09-30_figure_refinement/staging/derived/M4_a_ordering.tsv	bb7c9c06c335366eb515b64dc69236c61a8a4e8009c5240fccfd823df08e3e4d
manuscript/revision_2026-09-30_figure_refinement/staging/derived/M4_a_violin.tsv	1a1c157769748a90174f48783b9237f7c84c49994e8765aedc0d3abf52d22c02
manuscript/revision_2026-09-30_figure_refinement/staging/derived/M4_b_event_labels.tsv	07c99afa9d74e1a4eff63718cf3caafa36744468805a90db5d035d7862bd41c8
manuscript/revision_2026-09-30_figure_refinement/staging/derived/M4_b_ordering.tsv	58ca5eaf57dace7c51915eb684554df086d3175cd3efd703be2ae4d603c06f53
manuscript/revision_2026-09-30_figure_refinement/staging/derived/M4_b_violin.tsv	886d1ea0cbd13b0621c75e9b73736782f109d306e9f95ea190a4879b0fd0483b
manuscript/revision_2026-09-30_figure_refinement/staging/derived/M4_c_event_labels.tsv	721c4fea4f3856db71b3b627a202971e43ec52fbb67db7ebeda8dcc5e76e9e70
manuscript/revision_2026-09-30_figure_refinement/staging/derived/M4_c_ordering.tsv	758a8fd211feb672ec45090bde3007408f226c34fd94a12f851547181fd8f426
manuscript/revision_2026-09-30_figure_refinement/staging/derived/M4_c_violin.tsv	9c97de331a83b22516ddfc6887d1ca3842851422d2a98366dca65bf817465133
results/PL-output/plackett_luce_astro_g2_g3/tcga_astro_DN1_mergedseg_G1.txt	e68ec0a0f538dfadfc9d4ba310a8bacf1a1b9ebbb848f43481b4a4b88a597518
results/PL-output/plackett_luce_astro_g2_g3/tcga_astro_DN2_mergedseg_G1.txt	fbf8c48b5a0d486e1488a9d8880f2f45340a710b239290e02380d7bb6020b25a
results/analysis/amplicon_classifier_2_update_2026-10-02/current/curated_feature_calls.tsv	4ed964202264b3cf9b32189c508445c032873fc711900a3db1ba686aa23ab3e0
results/analysis/amplicon_classifier_2_update_2026-10-02/current/figure5/amplicon_subject_table.tsv	86d74d889517c63652dc356c36f30e8bb3b66ea5a6fa442bcb7bcad9dbe31ac9
results/analysis/amplicon_classifier_2_update_2026-10-02/current/figure5/ecdna_candidate_features.tsv	edadee93cc16d07f9560edda228c985514bd3571b25b3922a478409debf957cc
results/analysis/amplicon_classifier_2_update_2026-10-02/current/figure5/ecdna_positive_subject_denominators.tsv	6b2dd901de4d5be10d2e5825b4caeff27703c74179da3837ad2d852c830892b6
results/analysis/amplicon_classifier_2_update_2026-10-02/current/figure5/ecdna_subject_gene_context.tsv	54054599420926929283802527cf74d73d5f99e9edc6ee0d86b9a29d6837f379
results/analysis/amplicon_classifier_2_update_2026-10-02/current/figure5/panel_a_amplicon_global_fisher.tsv	7f1aae2673d6d34a62d7e0de91b32ac2c15f52b1323dc7f61ffdf8bc80ef79ca
results/analysis/amplicon_classifier_2_update_2026-10-02/current/figure5/panel_a_amplicon_pairwise_fisher.tsv	f79e88b4573c7498ef381b9376f78c4670fe418f35cc08f87707ac2786c13189
results/analysis/amplicon_classifier_2_update_2026-10-02/current/figure5/panel_a_amplicon_patient_counts.tsv	eb3a3da033b06f4d525a0a7f9711c2adc6f114c24f1ec42cd6430d122e852694
results/analysis/amplicon_classifier_2_update_2026-10-02/current/figure5/panel_a_amplicon_rates.tsv	9f053cb81838cde99c3b397b3f588e153f52b65cdffa2f332f8ed9f041f06b82
results/analysis/amplicon_classifier_2_update_2026-10-02/current/figure5/panel_a_architecture_burden_global_tests.tsv	024a80d28058327c06fc9a68f463cf49f65cb55498b403d16b54b38c8e0863db
results/analysis/amplicon_classifier_2_update_2026-10-02/current/figure5/panel_a_architecture_burden_pairwise_tests.tsv	053a0756697b8583aa5facef83366ed67195e965baa6397e6dedd8ccb10d2671
results/analysis/amplicon_classifier_2_update_2026-10-02/current/figure5/panel_b_ecdna_oncogene_burden.tsv	edd0e3fba56fa04daf368c1c49a83aa82c854b1c25ea43043e157247028dfd60
results/analysis/amplicon_classifier_2_update_2026-10-02/current/figure5/panel_b_ecdna_oncogene_burden_global_test.tsv	78a0e85897b514be55fd815c41bd170fa14626cccb0a153d8e6c56fa7a4267ae
results/analysis/amplicon_classifier_2_update_2026-10-02/current/figure5/panel_b_ecdna_oncogene_burden_pairwise_tests.tsv	ecc7e9536898f22eaf07806715f3074f9b8ec131a19da5a332e55512fbe743dd
results/analysis/amplicon_classifier_2_update_2026-10-02/current/figure5/panel_b_summary.tsv	a89eeb9cbf555334cb70f4ec7592d52b5d0ec183ff9902cd1ee7e6bcf979d855
results/analysis/amplicon_classifier_2_update_2026-10-02/current/figure5/panel_c_oncogene_one_vs_rest_fisher.tsv	59d0390dae6fefd4986448155e86c9b86510895c742c9cf8626243af5ddfb043
results/analysis/amplicon_classifier_2_update_2026-10-02/current/figure5/panel_c_oncogene_prevalence.tsv	a3a98b3828800507b94c6a7727a847b373147abe7d1b1579071554cd7205817e
results/analysis/amplicon_classifier_2_update_2026-10-02/current/figure5/panel_d_cooccurrence_context_prevalence.tsv	28813a01f20848c44721f6c93aa47649bf8e6297f0937810516338eba92e7ff9
results/analysis/amplicon_classifier_2_update_2026-10-02/current/figure5/panel_d_cooccurrence_nodes.tsv	aa453c6dd311f91fa39aedaca7ca30fb865912cd705889d1f149a6b75d7cc104
results/analysis/amplicon_classifier_2_update_2026-10-02/current/figure5/panel_d_cooccurrence_pairs.tsv	2801203094b72ee7627b411e4e25ea199a6623f97967fd83a46f5457ccc14bfe
results/analysis/amplicon_classifier_2_update_2026-10-02/current/figure5/panel_d_cooccurrence_top_genes.tsv	aa453c6dd311f91fa39aedaca7ca30fb865912cd705889d1f149a6b75d7cc104
results/analysis/amplicon_classifier_2_update_2026-10-02/current/figure5/panel_d_cooccurrence_tumor_denominators.tsv	89884baa7facb4f787842f961b7789becd90542896ce2b361cea142a4787f5f0
results/analysis/amplicon_classifier_2_update_2026-10-02/current/figure5/panel_e_candidate_sensitivity_global_test.tsv	a2c0458c1b146cc0709d1657dd239353377592f1bd1c7ebbf26e478a6bd24fd9
results/analysis/amplicon_classifier_2_update_2026-10-02/current/figure5/panel_e_candidate_sensitivity_pairwise_tests.tsv	4e7ce64a9eeeb36548320cc92d5e7203b02b780774f19071be3c8eaf5d0ef3a7
results/analysis/amplicon_classifier_2_update_2026-10-02/current/figure5/panel_e_egfr_copy_number_candidate_sensitivity.tsv	887e0398a3c92d06ccb90dbf68b7a7a3e5055d7f3f64918431d82d69a3eafc1c
results/analysis/amplicon_classifier_2_update_2026-10-02/current/figure5/panel_e_egfr_ecdna_copy_number.tsv	2e74e5d1b50f876ea9bac9e42bbdccc2cdea0aec6e78eef57431b9a8a2d7ff5c
results/analysis/amplicon_classifier_2_update_2026-10-02/current/figure5/panel_e_egfr_expression.tsv	c7a4eb7995ad035fceacdae78a8db4eecc820c12ccfbebd080c72050bf190178
results/analysis/amplicon_classifier_2_update_2026-10-02/current/figure5/panel_e_egfr_fusion_classes.tsv	c4d923acea67dc7ebd3468eaa0e7f365a7a03cc5ecf0e03fee8f71b363a1139d
results/analysis/amplicon_classifier_2_update_2026-10-02/current/figure5/panel_e_global_tests.tsv	6876492774e473da0b90886072a5cb740db7cd53a3b0517ff92c906f71e639dc
results/analysis/amplicon_classifier_2_update_2026-10-02/current/figure5/panel_e_pairwise_tests.tsv	74584991644b250d2848bc8b22601d5ab2878fd185e89d9dcbd7f21a037fe4da
results/analysis/amplicon_classifier_2_update_2026-10-02/current/figure5/panel_e_summary.tsv	e96f2788a9f673b46d9362b5a62996ec2d22269df18b370dbfc1155dfcf74cb3
results/analysis/bcor_reclassification_2026-09-21/analysis/GBM_primary_group_roster.tsv	945802713fbc934964f1b01f23887fa9ef072e637bb3350b52c9d3a260d4185f
results/analysis/bcor_reclassification_2026-09-21/analysis/curated_specimen_roster.tsv	b638f00deab8dd25ffe1cf34542ef3506a542568621c19fae76b4f8bac30be9d
results/analysis/bcor_reclassification_2026-09-21/ecdna/amplicons/gbm_dn3_amplicon_subject_table.tsv	6157949e0dbc8b4424a1dd6e58b3d33b46da7aca4ef01be44d20c74fd337af26
results/analysis/bcor_reclassification_2026-09-21/figures/figure3/source-data/panel-i/patient_column_key.tsv	61757c72d1fbfa3895e1d7dff59f978d4a1e0f8356104a09794e992c632fc961
results/analysis/bcor_reclassification_2026-09-21/figures/figure3/source-data/panel-i/patient_gene_matrix.tsv	6fe60342b89723cf4070cfe9f261ecdc98240a3b9cdfe140c9ed0516bcd1dd84
results/analysis/bcor_reclassification_2026-09-21/figures/figure4/derived-data/gain-timing/gbm_dn3_panel_d_gain_timing_curve.tsv	15ee6b75546f4aaaf6ab85e3b5a569f3fbbe729f3f4ba91a4d28cd910241d5ca
results/analysis/bcor_reclassification_2026-09-21/figures/figure4/derived-data/gain-timing/gbm_dn3_panel_d_gain_timing_global_permutation.tsv	214dc0ea1bd6333d9c28b80dd22c571534d8eb45667e778eafefd2802521fffc
results/analysis/bcor_reclassification_2026-09-21/figures/figure4/derived-data/gain-timing/gbm_dn3_panel_d_gain_timing_stats.tsv	016d57101741a63cba7dab5e0bbe5b7cc912b60f60cf6b0847990b9f838e9a58
results/analysis/bcor_reclassification_2026-09-21/figures/figure4/derived-data/pcawg-timing/gbm_dn3_pcawg_timing_pie_bins.tsv	71ed62089468b8820de36ef7676ddf32f16cc24b20faa2921bbd69f1042bb280
results/analysis/bcor_reclassification_2026-09-21/figures/figure4/derived-data/pcawg-timing/gbm_dn3_pcawg_timing_pie_summary.tsv	c447260f011429c92cac9fcf8a471f9a044191f865d2899b6a4da6af1f07656f
results/analysis/bcor_reclassification_2026-09-21/figures/figure4/derived-data/publication-panels/figure4_six_metric_pairwise_tests.tsv	2d8161d3668d95a687b2a942aa1a55adfb2f5085ba2c7e6bbb7e1b03cb28174e
results/analysis/bcor_reclassification_2026-09-21/figures/figure4/derived-data/publication-panels/figure4_six_metric_values.tsv	93ab0905df2771a7582a38dd9e8e90f86fe1ca9d78891192ca31bf9c2ce589e1
results/analysis/bcor_reclassification_2026-09-21/figures/figure5/derived-data/panel_a_amplicon_rates.tsv	5da766e8e9ff338792783b4f33dd705387ee91e21f0205718d83cc8b1f442609
results/analysis/bcor_reclassification_2026-09-21/figures/figure5/derived-data/panel_b_ecdna_oncogene_burden.tsv	3752332a03e3782fa12f17e027ee5945381f32ca8922b9c9382263b65bc98b3f
results/analysis/bcor_reclassification_2026-09-21/figures/figure5/derived-data/panel_b_ecdna_oncogene_burden_pairwise_tests.tsv	8d5e93825bf664361248134e4663ed7c0906f978945d01a6b37a0da838441b19
results/analysis/bcor_reclassification_2026-09-21/figures/figure5/derived-data/panel_c_oncogene_one_vs_rest_fisher.tsv	29e0bc68488802f4058ec1a4a5ffa0c87ade13e15addc16cf656c0f030e589de
results/analysis/bcor_reclassification_2026-09-21/figures/figure5/derived-data/panel_c_oncogene_prevalence.tsv	f55b7e9bd6900ab8d2a35cd37b253bedbcb9add19125985b3b5fe59a7618239c
results/analysis/bcor_reclassification_2026-09-21/figures/figure5/derived-data/panel_d_cooccurrence_context_prevalence.tsv	5f184065bc1ca1cc0d79ae00e974a8041f1653a9ba76d5f9e8ab254dd0146439
results/analysis/bcor_reclassification_2026-09-21/figures/figure5/derived-data/panel_d_cooccurrence_nodes.tsv	b3069444d8dcc69c1b12c32e8d59b5aead0d8b5d3cc680312553f4eb5b9f905d
results/analysis/bcor_reclassification_2026-09-21/figures/figure5/derived-data/panel_d_cooccurrence_pairs.tsv	79b22dd5330295dff46b845dff5f494f376b7e145bbbf39c344ba98b9cdbee95
results/analysis/bcor_reclassification_2026-09-21/figures/figure5/derived-data/panel_d_cooccurrence_tumor_denominators.tsv	0292bf2e49df0c4b7795cd689713b94dcd68d6b599eb4fe6ebbd4cde020d75fa
results/analysis/bcor_reclassification_2026-09-21/figures/figure5/derived-data/panel_e_egfr_ecdna_copy_number.tsv	f93612a98812f4545823b53e94fa8571b7cc2e15cc44f2741ed7e778677c0087
results/analysis/bcor_reclassification_2026-09-21/figures/figure5/derived-data/panel_e_egfr_expression.tsv	e559f453104d488cf31380e9f3d55c693c05920a09e81b184ef4dfe8399ddbbf
results/analysis/bcor_reclassification_2026-09-21/figures/figure5/derived-data/panel_e_egfr_fusion_classes.tsv	ab851a89b38b3e9367cdfeb3b3cddf3f07caa1cbca89be5d8d98f367b836048f
results/analysis/bcor_reclassification_2026-09-21/figures/figure5/derived-data/panel_e_pairwise_tests.tsv	6b2d765fa315d06ccf8648e5aaacd7cd4dd06247fe94340ef590705937f823a9
results/analysis/bcor_reclassification_2026-09-21/figures/figure5/derived-data/row4-source/figure4_hallmark_gsea_top4_nonredundant.tsv	d528e4434c65eb821600aab905aaf4662c0cad07a54105050428246bb07b4817
results/analysis/bcor_reclassification_2026-09-21/inputs/plackett_luce_gbm_g3/tcga_gbm_DN1_matrix_coresp_G1.txt	58fd9e2a775a107946d7be452b6fa136df52a7712f0c9d14053b8f37486b24cf
results/analysis/bcor_reclassification_2026-09-21/inputs/plackett_luce_gbm_g3/tcga_gbm_DN1_matrix_out_G1.txt	84f56f001bc497fc76576d90b7885f7a06b7e5a7747b8d6b1d9dc10d4d4a29c9
results/analysis/bcor_reclassification_2026-09-21/inputs/plackett_luce_gbm_g3/tcga_gbm_DN1_mergedseg_G1.txt	bd98b11babdd01b36f6aded07d94af0c303f4b70d1aa9952e068d79b290f100c
results/analysis/bcor_reclassification_2026-09-21/inputs/plackett_luce_gbm_g3/tcga_gbm_DN2_matrix_coresp_G1.txt	e6ba4252b305b3da03a83c5011ff828d59f9c78637ab1952a5ad907b40055633
results/analysis/bcor_reclassification_2026-09-21/inputs/plackett_luce_gbm_g3/tcga_gbm_DN2_matrix_out_G1.txt	51dfaa50c64cd32cb56eb464f7604cec605989273e14677ff77dc58060cc8e6b
results/analysis/bcor_reclassification_2026-09-21/inputs/plackett_luce_gbm_g3/tcga_gbm_DN2_mergedseg_G1.txt	bda840dfbf038895b9a2a97047608955fedc1ff8cca8805c0cd278bb4a7f1852
results/analysis/bcor_reclassification_2026-09-21/inputs/plackett_luce_gbm_g3/tcga_gbm_DN3_matrix_coresp_G1.txt	b80f3377486912afbd1d868dc45e94faf8891116343259fb18d461403968888e
results/analysis/bcor_reclassification_2026-09-21/inputs/plackett_luce_gbm_g3/tcga_gbm_DN3_matrix_out_G1.txt	1a3ec790c0b6c3bbe298f7709b2e8a25aae7133024431dbb69914cc0fa06173e
results/analysis/bcor_reclassification_2026-09-21/inputs/plackett_luce_gbm_g3/tcga_gbm_DN3_mergedseg_G1.txt	f7694642f34857077892292c8c18d1329773e2b46363ac473244dd6c9d2aa62c
results/analysis/bcor_reclassification_2026-09-21/rna/analysis/GBM_state_analysis_metadata.tsv	87d10725b39fb9fa6fcab3133fb2caf64bffd1e9e276a46c499ed38a311d5bbf
results/analysis/bcor_reclassification_2026-09-21/rna/analysis/GBM_state_composition.tsv	737815ab983dd0141107f13d03f12700aeeadd612538d2f84e45b12127c739bc
results/analysis/bcor_reclassification_2026-09-21/rna/analysis/GBM_state_global.tsv	bc41bd6b95fc99dbd50f0711ce77a91b4e9f2ad5ab32cbe314c60a9fd0f772c1
results/analysis/bcor_reclassification_2026-09-21/rna/de/pairwise_diverging_de_counts_data.tsv	63e84554f813372caddd2404ee97e818226f9d312f3f612d866f359a2a8817ab
results/analysis/bcor_reclassification_2026-09-21/survival/analysis/ASTRO_cox_data.tsv	e3de5947725658e667c8f2bd297f7c363da03cfea07c0cd909da8a1fb108250d
results/analysis/bcor_reclassification_2026-09-21/survival/analysis/ASTRO_km_data.tsv	7427c341a890d11f937d3904c3e9332b2177042244d28f6705a2fbf57e5992be
results/analysis/bcor_reclassification_2026-09-21/survival/analysis/Figure2d_display_contrasts.tsv	8efc2d5ad211f24ea72d4a4307206289355d3820229d25b75418d48873270dbf
results/analysis/bcor_reclassification_2026-09-21/survival/analysis/Figure4e_display_contrasts.tsv	906ce1a14c0c1bb1f9aeb908ba943d4a2738e03bf141a1e51c01ad11b217775d
results/analysis/bcor_reclassification_2026-09-21/survival/analysis/GBM_cox_data.tsv	e59183daafd0173b2d86867b66bdcc9e32dcd2776c3f4540be5d78d0565a7131
results/analysis/bcor_reclassification_2026-09-21/survival/analysis/GBM_km_data.tsv	0aeca5fceaf12202ab0b483b029f34b2dfc6c891c1e1a9aa353bdf7e7234cb29
results/analysis/bcor_reclassification_2026-09-21/survival/analysis/all_KM_tests.tsv	5d677fa2966fe0c83e711d027778a2bfe77f53058f8d1026c340d91406a4d66c
results/analysis/bcor_reclassification_2026-09-21/survival/analysis/all_cox_terms.tsv	9fbe16799ac64ac349bbf0cf3b58880dbdf4d36c022cca8f91a08f8ac45b1848
results/analysis/pooled_814_rerun_2026-09-28/figures/figure1/derived-data/panel_e_pl_group_subtype_composition.tsv	4ddb3f94cced09140ac86fe0b0daf53518fece0e01ebb788578ef3decef4ab9f
results/analysis/pooled_814_rerun_2026-09-28/figures/figure1/derived-data/panel_f_pcawg_timing_bins.tsv	0e53b708a90ed52fef18c97000d8388168bd865f27109432448b8bb8bf909250
results/analysis/pooled_814_rerun_2026-09-28/figures/figure1/derived-data/panel_f_pcawg_timing_events.tsv	4fb3e11ebc23debb76efbe1d7ea679db751b859d0e1486f5b674f45c2c2d3965
results/analysis/pooled_814_rerun_2026-09-28/figures/figure1/derived-data/panel_g_gain_timing_curve.tsv	29283ebb6257a29c74655512d40c4ad79b5409af55c87b5ebb9d56b7ed2bbc6e
results/analysis/pooled_814_rerun_2026-09-28/figures/figure1/derived-data/panel_g_gain_timing_global_permutation.tsv	344b79291afd6c96269c031c68a4cca65b0c955a512ef87f9d36435cee61a5f0
results/analysis/pooled_814_rerun_2026-09-28/figures/figure1/derived-data/panel_g_gain_timing_summary.tsv	94a34cc6967921fe2249d37b8195c5b131ac94754ce01b719a43a1c789d0154e
results/analysis/pooled_814_rerun_2026-09-28/figures/figure1/derived-data/panel_h_chronological_pairwise_tests.tsv	5306d56d064b2dd3cf04e0bc32701bcab6183d1dcaf19fe65c6cbb2379691ad2
results/analysis/pooled_814_rerun_2026-09-28/figures/figure1/derived-data/panel_h_chronological_timing_values.tsv	dff814471c956754e8b66ed3968c64901a078571bda7d97eba85ac7423384972
results/analysis/pooled_814_rerun_2026-09-28/figures/figure1/derived-data/panel_i_bic_model_selection.tsv	ac33e0764f60cdba78c25d7e35f3b80957f8e80abecd989245462731e0053deb
results/analysis/pooled_814_rerun_2026-09-28/figures/figure1/derived-data/panel_shared_subtype_counts.tsv	cdcae33b401024d458f0dfb1e273474b2ee6b955d4f8bb976cf0da76f8a2c975
results/analysis/pooled_814_rerun_2026-09-28/preparation/pooled/tcga_all_glioma_matrix_coresp_G1.txt	b37ff27a0e26c7c434e9329e261bc0acee27b5916414a567a3b2e65077209da4
results/analysis/pooled_814_rerun_2026-09-28/preparation/pooled/tcga_all_glioma_matrix_out_G1.txt	ac9e98299485a2e126a51cff2e73077e06ae06a2542c3be7366c8a00a5ebfcff
results/analysis/pooled_814_rerun_2026-09-28/preparation/pooled/tcga_all_glioma_mergedseg_G1.txt	9582654c0f14cabd70dca3ebae62d04dc401770df97ca7a645d53b448e97480c
results/analysis/pooled_814_rerun_2026-09-28/preparation/pooled_G3_display/tcga_all_glioma_DN1_matrix_coresp_G1.txt	f191f4655107e0bae7c334d77446ff5bead09fdd39b77f9cb484f7202db65820
results/analysis/pooled_814_rerun_2026-09-28/preparation/pooled_G3_display/tcga_all_glioma_DN1_matrix_out_G1.txt	dfbc7d0bba3b036b56b454d2defe0eb875dc1412166e823fe9b3f31322235633
results/analysis/pooled_814_rerun_2026-09-28/preparation/pooled_G3_display/tcga_all_glioma_DN1_mergedseg_G1.txt	2dd0d2e354cb5512fbf79ae21cb600739b084d94c43e194adf69ebaefe46c7a2
results/analysis/pooled_814_rerun_2026-09-28/preparation/pooled_G3_display/tcga_all_glioma_DN2_matrix_coresp_G1.txt	9a8c418d69099486c3bc2d3e5abc7a881a50b527cbf2ce427bd0b47fd8bd6cf7
results/analysis/pooled_814_rerun_2026-09-28/preparation/pooled_G3_display/tcga_all_glioma_DN2_matrix_out_G1.txt	ac94b2a427b13c363d3de15c1e6e95e4a76174c26ba80a98a324d72a2625627e
results/analysis/pooled_814_rerun_2026-09-28/preparation/pooled_G3_display/tcga_all_glioma_DN2_mergedseg_G1.txt	ecaa717737e55f5f77ed79347518fbe47d6051605b97a0cd3c9a5add249a6512
results/analysis/pooled_814_rerun_2026-09-28/preparation/pooled_G3_display/tcga_all_glioma_DN3_matrix_coresp_G1.txt	b80f3377486912afbd1d868dc45e94faf8891116343259fb18d461403968888e
results/analysis/pooled_814_rerun_2026-09-28/preparation/pooled_G3_display/tcga_all_glioma_DN3_matrix_out_G1.txt	34cdd2f9ade8313951b523ff04ae08e9c821c8ff09f4e6e99f21fd280e41ce16
results/analysis/pooled_814_rerun_2026-09-28/preparation/pooled_G3_display/tcga_all_glioma_DN3_mergedseg_G1.txt	4004a11d43a29432022479a91387aaf5630704f80ab3ccbe52487f35e3c738cd
results/analysis/rna_adjustment_corrections_2026-09-16/analysis/ASTRO_plate_adjusted_DESeq2.tsv	a5b6fed46ac2d910be032266b0977cb35b7d70d0ddc2fe7e1dc0e5a2122c3b6e
results/figures/figure2/derived-data/astro_age_mrca_latency_primary_2p5x_sample_table.tsv	405cf9372d7b606b38e1c52c6b05419d1ab06bb7a6fccb156ffd47ccc8efd865
results/figures/figure2/derived-data/astro_age_mrca_latency_primary_tests.tsv	ca98ee26ba3b5ce00518869a823ef917c15a91a4b693f9a6d7bbb0a7ddd3641f
results/figures/figure2/derived-data/diagnostics/astro_focused_data_allele_specific_cn.tsv	1a1dcdf6f2bac64ed9fd3bce452f01dc28245419aa7057992732373b9d76a29f
results/figures/figure2/derived-data/diagnostics/astro_focused_data_allele_specific_cn_components.tsv	65721820ebef030e64b8bd6e5dd7d17fd0cac79c8226092590cdd359622d1d1c
results/figures/figure2/derived-data/diagnostics/astro_focused_data_feature.tsv	200cce229c63874aa00951e71a248182d8d8382caf59960a471bf72345189010
results/figures/figure2/derived-data/diagnostics/astro_focused_data_mutation.tsv	3577dbf7178aea4a4208f7ebed200d2d8bd519732507d4ee5206a9ce047494cf
results/figures/figure2/derived-data/diagnostics/astro_focused_data_promoter.tsv	e4d6d71f099b936f74dcbd1a0d0be83615c065dd752b68017faab1d8b074b65e
results/figures/figure2/derived-data/diagnostics/astro_focused_sample_order.tsv	e288b9dbd0de5ce9e5515bf3d56cbdb5030a4b210f8602f348c1060e6e0d3449
results/figures/figure2/derived-data/diagnostics/tp53_copy_number_analysis_data.tsv	e3c5dff037ec46533cf8a1df85bb56ac860897f0ecefe92012a10d0c010b08cd
results/figures/figure2/derived-data/diagnostics/tp53_copy_number_model_terms.tsv	e745ab7c75cc87bd37c0a31f701d54b051b8849bcca8eed2c7d29c79583bb0eb
results/figures/figure3/derived-data/figure3_gain_timing_curve.tsv	79b43464dee6d81b8a1308ff0f5991062ba584ee3513c6f61aa80f964dc1c429
results/figures/figure3/derived-data/figure3_gain_timing_stats.tsv	ec95cdd8910a2a3ca151a31b7e3c87dac738251ede414e6a7b2095afe8cf8eda
results/figures/figure3/derived-data/figure3_sample_metrics.tsv	d77fab8a358fd8d2357d0a041b7682aa86aa5f5e59431d23e81aea4e2e8ff576
results/figures/figure3/derived-data/figure3_specificity_fingerprint.tsv	7fe2928c42091a6eb7937a847e5a099dc41c765ffd72bc6fab5a1464025dfc6e
results/figures/figure3/derived-data/figure3_tert_promoter_test.tsv	fe46406189a21c1ff472d06bd0a7e600620ccd8914655cb73190c921d6d49bb6
results/figures/figure3/derived-data/figure3_tests.tsv	cf60dfd38101ad796cdae673bf6e94d9877bf1067850786b41629ec33fe8c4c8
results/publication/figure_manifest.json	f1f94dfd7892d96b17d82e690b8d182ba08520f35837bf87be74fc4b04601d41
results/publication/main_figures/Figure_1.pdf	256a395a6bca15b0ed2de85537cf7f7c4717d329e8a93dd933c7948198977641
results/publication/main_figures/Figure_2.pdf	c7889cc97cd7e512a79c282b863e560453de4d657f0c0b883de50d15741d56fa
results/publication/main_figures/Figure_3.pdf	2f85a6d299b643a7b3b61eb7df20f2357d95e6b4dc0878b0f163f2cb4b193d07
results/publication/main_figures/Figure_4.pdf	66925b9c1e30b3781882711c097a20e65484e29894c5e5ff67de4bbb56d5b625
results/publication/main_figures/Figure_5.pdf	5f9fb26e6dc1c9379d899a02dacddcfa773449993046707d67d30f4ebbc2e779
scripts/analysis/amplicon_classifier_2_update_2026-10-02/analyze.py	74925a107c5542e103f6d275aeb991a7f820cccfc72dbd0336b1c5eb2b12da11
scripts/analysis/amplicon_classifier_2_update_2026-10-02/render.py	1961452df2f396e0b03e10cbee75902b14cbd8a90ed07cc0fc1a99ce9404bf69
scripts/analysis/amplicon_classifier_2_update_2026-10-02/statistics.R	02770ee8500d8d505a67563bdf766a28bd8b633b7aa43c0a9b569564d0003cd4
scripts/functions/oncoplot_colors.csv	aa81730b276c32fb5b60adf2a4126c8cd3eb5c7950287a88c28daa8d49a887ab
scripts/manuscript-figures/figure2/helpers/figure2_astro_panel_helpers.R	1ff29d23356363cf49df32d5c5435dce42caac13c650dcfdee775f09292d99ba
scripts/manuscript-figures/figure2/helpers/generate_astro_focused_oncoplot.R	9b390ff6af7d883bde6d3a50c95cbd2f329885540c3b237061a74bc7b062eacf
scripts/plackett-luce/Ordering_Model/reference_files/all_gene_gr_hg38.Rdata	51283a1b68c64c23e5a91a120e6b3fcf2c719d4761956cbf88b3275a8f6979fc
scripts/plackett-luce/Ordering_Model/reference_files/cytoBand_hg38.txt	83fe19148485d67da5783aefd9402de58fcd0b0b0d2a476164abeb522522acd1
scripts/plackett-luce/Ordering_Model/reference_files/dataset_wgd_status.txt	08074a337734f3bd3e593b3ba0daa41796d8a0dd88f0fcc17f72fb0702517ebe
scripts/plackett-luce/Ordering_Model/reference_files/driver_gene_list.txt	853d6717eda58435e9214b3d50888d3613485f5f68cfeb3dcbfbb8698577f35e
scripts/publishing/figure_standardization/figure1_balanced_summary.py	18add4ad3add528f336a2650f13e250188dac8e8936a500c5141be8d0e19048d
scripts/publishing/figure_standardization/figure1_tall_lower_panels.py	01fcbfa13df54d778c7753d011baa4d9fb1bf8652df66aa1403db4d6c0ca0ac9
scripts/publishing/figure_standardization/figure1_timing_row.py	7b3923c6bfec0644392ac103e3d145a1cb06f0f8d466fc684abb7045ba372a8f
scripts/publishing/figure_standardization/figure3_feature_panel.py	dfefd53ff3a4756fe3fad678b5ba41e7ea15a8aacbfa7dbdbda01612fb8c8874
scripts/publishing/figure_standardization/figure3_remove_dosage.R	a2b682e8b388ec49c4974a7a5c5ecf44b19bf5a195931edeb50abb0ad3de9b8a
scripts/publishing/figure_standardization/figure4_four_metric_row.R	8e54dfdb17960a89d698dacd20a57c6683a100f7580c79f7b9b4889f3443ead6
scripts/publishing/figure_standardization/figure4_survival_row.py	4d092fe7e2223b009424e07d217d8198727fcad92ef35772c594ea3b6a9d2bc8
scripts/publishing/figure_standardization/figure4_wider_survival.R	e93132fd30909bba7950688494e44f3d5a9b91dae7a49a21b7faaa5e4fdb879a
scripts/publishing/figure_standardization/figure5_row3_panels.py	2d4af39dd5f5a70ca27fe93bc57070cfa53602e8bd5903d314e434c76deffa9f
scripts/publishing/figure_standardization/figure5_space_palette_panels.py	3a70cda43f460e86d00619f76dfef8b71b975fc003c3a4a1af5e9badf9db23d4
scripts/publishing/figure_standardization/figure5_vertical_panels.py	ef1acd88b0381292b81035f09adc0faffc4c157292d800e17d86764b6845d10e
scripts/publishing/figure_standardization/figures2_4_timing_layout.py	0393972d759dfb8574d472cd2b3054a788439a6b1a2a388ebf6b9ecf3a49911e
scripts/publishing/figure_standardization/refinement/common.R	0a21e15747b1b377ed3c6596810e187f8187051155131c2c69a25094c346ffe9
scripts/publishing/figure_standardization/refinement/event_aliases.json	37bcb5f931446f3522d9577954564fda9e5ac65ab224f4d753cf08be8294fe17
scripts/publishing/figure_standardization/refinement/group_specific.py	fb07f4e75f62fc3fe4ded97c6fd05688f37a36bc918132a1241b9d9a64471624
scripts/publishing/figure_standardization/refinement/layouts.json	09d07951fe0f97121b69a976c57378f300cfe2220ecd640807d957d346555d3b
scripts/publishing/figure_standardization/refinement/ordering.py	d5e8fec035106cdc500602ac8ef964910dd0491ea8a47845a76a29cd55e33604
scripts/publishing/figure_standardization/refinement/pl_style.json	2c3e7c97c67f8f500db5b533f618b6e913255b8429a8d3bcbbf800705d8998b7
scripts/publishing/figure_standardization/refinement/plot_helpers_34.R	3ee9fa62fdac5f5d8c75c5734b3a9b2fdaa809083d21f173418265f36d0c1c37
scripts/publishing/figure_standardization/refinement/render_figure2.R	beaddd1907f8fee09cea4af83e70d25cb42f4a791112bbdf36ce1fe4189f1056
scripts/publishing/figure_standardization/refinement/render_figure2.py	ad91d5880c1b07b2a9ff9607f09565e4aa0dcdf45977f8920948b08cbd188abf
scripts/publishing/figure_standardization/refinement/render_figure3.py	45c030b796ae071eb7b938f281a99dfee039ac03b225b3748fa1699e9a97911d
scripts/publishing/figure_standardization/refinement/render_figure4.R	a660f8a52bf881bee660877112a8167e3d94cccde748ff38ab27024e601233ac
scripts/publishing/figure_standardization/refinement/render_figure5.py	31192abdd0e5606ce766d16ba7eaa8b1081f0a1c761fa5f20b2c0fe64962afa9
scripts/publishing/figure_standardization/refinement/style.json	ad8bb3f36b22ab0a0a22742ff211862bf81a8b597b721f7cf53d0205bfc5c845
scripts/publishing/figure_standardization/refinement/summary_renderer.py	8132d4dfd35b80f413d8432b593c1d0b6b57f2a0c14c178f520775ea84f64128
